MeanMale,MeanFemale,SDMale,SDFemale,cor,MeanCount,SDCount,is,int,BMale,GMale,BFemale,GFemale,BSperm,GSperm,GMF,GMS,GFS,a,MeanRSC,Generation,MeanMates,population,males,females,Rep
47.78190260612318,50.478349671047546,9.134488429031249,9.460479907156826,0.0045765556191333595,49.57830716984979,9.039418810060756,0.9828881951670714,1.1698514019519008,-0.17465257463160655,-0.5188735297353239,0.14196564259745892,0.13983080843030865,-0.13874651604536797,0.061930604715546234,-0.0006489682926635726,-0.1513063016174408,-0.09744705379746323,1.0,3.91,1.0,4.48,200.0,100.0,100.0,1.0
48.37768146498837,51.07242958396425,9.349815081934747,9.699785652963472,0.13472956685264761,49.20376183901392,9.39628450813656,1.1470987803405386,1.1463290940565798,0.07860599901548623,-0.4377851566699619,-0.03828148241927868,0.06351710172247126,-0.10470437810258254,0.0779798683941402,-0.02325214709210006,-0.10230468221635616,-0.1741090198414624,1.0,4.205740606948399,2.0,4.238341968911917,386.0,193.0,193.0,1.0
48.94206215111456,49.96778462503312,8.875133851751631,9.954448517839442,0.09144649218842933,49.32284577795141,9.884695223028054,1.0251189060642092,1.114889124426607,-0.004198931221089975,-0.2541858389605421,-0.09034878020009485,0.08513341802082451,-0.1724292983144086,-0.07256793020005702,0.019951086432987583,-0.06258377441922858,0.003735396462341937,1.0,4.107691588247913,3.0,4.1786666666666665,750.0,375.0,375.0,1.0
49.123874885822126,49.73954974729506,9.178625016007693,9.937366440078716,-0.018284649674887948,48.79882353639523,9.887888729076554,1.1725054919643882,1.0811269953570162,-0.07321116391760878,-0.2152952505535568,0.00969581983704815,0.09241094458425902,-0.17432891414433319,-0.04557151718653775,-0.013895186015497494,-0.0003684794066576234,-0.053215568808913906,1.0,4.124657676917181,4.0,4.152,1000.0,500.0,500.0,1.0
49.37787332196462,49.84540910686576,9.705283306638009,9.546602741012007,-0.03912609408001963,48.43910623403315,9.201045211523088,1.1344102856932339,1.1524835720105537,-0.011294608153568792,-0.3219215359101443,-0.03214037358115498,0.018760633565511893,-0.17455191461396727,-0.0032991490236872387,-0.012619934052192094,0.0013688241459882634,-0.020478421274062568,1.0,4.165468367775968,5.0,4.14,1000.0,500.0,500.0,1.0
49.022255956209456,49.365169338539495,9.904408978453928,9.77293352036799,0.021220640006124343,47.65219489439215,10.045819660343318,1.2387782401902494,1.317459427559426,-0.041404497823665225,-0.42350476005827065,0.047332613057369785,-0.11554492976508152,-0.2537641007131883,-0.09333496230026009,0.020760542242786197,-0.02929056355163918,-0.01747300461619196,1.0,4.227629858456859,6.0,4.09,1000.0,500.0,500.0,1.0
49.10689063193209,49.620750963533006,9.848447128644706,9.840068765435909,-0.0412247377523556,46.831670185465185,10.170701621681795,1.0060122557521096,1.15381886137867,-0.048500830177304305,-0.3140326324581058,0.028295951237336435,0.045699670791493376,-0.1824732184056936,-0.03693815167165906,0.017023478292565678,-0.07959265310394176,-0.0464244459353192,1.0,4.319101628368707,7.0,4.158,1000.0,500.0,500.0,1.0
49.402816517694106,49.66673987771097,10.026201997693304,9.634706420698793,0.049589452000189466,46.90529543419068,9.940616228403043,0.9435866130422295,1.084332671467409,-0.0684512917291489,-0.3433406248776773,-0.04053477073143787,0.06703218411905056,-0.2634440851083999,0.10658398143310942,0.01885799393916961,-0.030886657545007603,0.026892261073342156,1.0,4.452449344251515,8.0,4.43,1000.0,500.0,500.0,1.0
49.08228785350625,50.006464603506736,9.785491514443617,9.724802182280243,0.027145334753116108,46.847948749788216,10.124650882113473,1.1333033761446014,1.076217559966566,-0.10582313331788086,-0.33314655671334126,0.0969585536274447,0.1254463608943846,-0.16813550991727735,0.04745868555890127,-0.06652118215898999,-0.08542470104224623,-0.050431027820239296,1.0,4.596263623485784,9.0,4.222,1000.0,500.0,500.0,1.0
49.00499514145935,50.29032345614662,9.655890208154462,9.51717319819052,0.0022174816656083366,46.39812476786454,9.929044820927132,1.0719158284194699,1.2332786901714803,-0.02241659157005259,-0.2940176118011518,0.016856665186363275,-0.022283833475034587,-0.22373067641631475,-0.16100177420766254,-0.07173521724298773,-0.053339210240647944,-0.01003463137045306,1.0,4.726613380800613,10.0,4.552,1000.0,500.0,500.0,1.0
48.37633077364085,49.973252408367905,9.548821354630856,9.706760401930023,-0.01788357046824945,45.73855265306667,9.97020267835272,0.9482132661555694,1.1121870895357409,-0.015416168948193773,-0.23147345403228167,-0.02523566823796378,-0.06514763049757391,-0.22935428006965597,0.06298895163022496,-0.019196114047792187,-0.07954109040508353,-0.021913628930995434,1.0,4.789717414212937,11.0,4.754,1000.0,500.0,500.0,1.0
48.8502025671057,49.55076755984561,9.830590888155667,9.635528018119285,0.03288996868319548,44.578976887092956,9.7852457879047,1.1208883941396155,1.0561327724483114,-0.05787293412412419,-0.3314508524544177,0.03061889677153426,0.11352912478891951,-0.2881587499147718,0.08888147443705806,0.05274637032598771,-0.06061450011536051,0.04399091046930709,1.0,4.950659074559336,12.0,4.542,1000.0,500.0,500.0,1.0
47.951713295387854,50.247548338204226,9.356396593642941,9.916022488044222,-0.01690240966855867,43.980364222312026,9.812066366212058,0.9623781277103917,1.0484933718034264,0.12458843720351952,-0.18924543899570062,-0.008905788914486635,0.013172164244956815,-0.17189897569020748,0.05529194407292615,-0.06166899558796714,-0.11569777181013852,-0.021725844601722503,1.0,4.791156623132305,13.0,4.87,1000.0,500.0,500.0,1.0
48.017895910694975,50.54657998762508,9.471732897922506,10.35311823738045,0.06816075706994244,43.59352887235891,9.483536771583934,1.1350451945484077,1.1260883221837716,0.02779830034883812,-0.3176583655815132,-0.0688568713932511,-0.0313618936548839,-0.2249342556650551,0.09354556787565622,0.021163951174699054,-0.0004996348234190183,-0.009835325374874694,1.0,4.943828856781395,14.0,4.726,1000.0,500.0,500.0,1.0
48.32329039508618,50.078109405802024,9.215944159448737,10.355028000629313,-0.0194080978395316,43.40982490319755,9.452595922084788,1.1270636018276994,1.1153544852923043,0.058992200799253304,-0.2494022177938853,-0.012881127289344482,0.04675650714983985,-0.17161453271423874,-0.017407048882296963,0.028835281496063077,-0.14037379723886148,0.010980040211395344,1.0,5.059642466896004,15.0,4.92,1000.0,500.0,500.0,1.0
48.16667296085833,49.83573191680443,9.624229717013131,10.120511245882927,0.015246481954083211,43.47007735268387,9.68035263655267,1.0951343812950887,1.0762998900496115,0.048742308283856214,-0.1955759764313542,-0.014550846068399067,0.03451411262349012,-0.19468857877076529,0.018106857502252438,0.04450817050869339,-0.0717688353907213,0.06323023949787544,1.0,5.15213481761091,16.0,5.226,1000.0,500.0,500.0,1.0
48.207305545394824,49.35162640601045,9.85656876177821,10.253274026321863,-0.0018691507993491851,42.97421225690464,9.550087176008269,1.1573407202216073,0.9832988050357001,0.02787208047963623,-0.16891172733599236,0.06413009945036154,0.19110195576520345,-0.199706675319931,0.022867007340739116,-0.008878957242379935,-0.09747910459102697,-0.046656330523078854,1.0,5.05424359216681,17.0,5.256,1000.0,500.0,500.0,1.0
48.20109090723397,49.126586876932215,9.984701567253325,10.46616014491202,-0.048455759903966354,42.39839300258251,9.44319840936172,1.0925417873291672,1.10147089898113,-0.021150353853376856,-0.28620748886656894,-0.024942963013697035,0.12337910282255174,-0.15735471940080323,-0.030640757426854025,0.056225441449235074,0.03491151633111075,0.04137641489210121,1.0,5.148425857874935,18.0,5.374,1000.0,500.0,500.0,1.0
48.28135363867463,49.44189985053864,10.004771142556297,10.287346903437518,-0.07131271127829478,42.41506529668381,9.093354254845506,1.1142669981187852,1.1417063847058795,-0.03149648440814758,-0.3865013025584095,0.0028236441927736453,0.0268895010198404,-0.17099687511050246,0.07053862698613338,-0.03386681626048633,-0.02946446156253891,0.010428398638390811,1.0,5.1052415235285,19.0,5.066,1000.0,500.0,500.0,1.0
48.80318584072271,49.65813256805347,9.82701698671144,10.400776952171418,-0.00796291024925117,42.490205059642655,9.168754334329655,1.049696180555556,1.1220501282138082,-0.014858110626196708,-0.268594558464927,0.03709682673985643,0.03764056342727749,-0.20074883443671673,-0.018226180461900096,-0.028717136945998045,-0.04137350194152782,0.05480233948102907,1.0,5.103630067481125,20.0,5.18,1000.0,500.0,500.0,1.0
47.9568701399197,49.74050828317353,9.214440601547777,9.749683767534592,0.012482657628826077,48.96247040398068,9.929847059309246,0.982072970584522,1.302790883427666,0.03524525187335351,-0.5424934017151343,0.2060386807636361,0.021243032064329193,-0.17531041919060952,-0.09802323764156581,-0.17588504494625917,-0.020651266909855717,-0.11633665848146682,1.0,4.23,1.0,3.87,200.0,100.0,100.0,2.0
48.53470121176814,49.32573921837003,9.027381467519616,9.920725038329305,0.09194385772620686,48.53996575137055,10.453433469862306,1.0428848274249058,1.1384055200334258,-0.028940602853405255,-0.13003479451451752,0.02105366130001365,-0.0726659501666854,-0.23974843807782148,-0.04992611272674387,-0.11996566954008503,-0.052913187170868674,0.03594152815079685,1.0,4.289021687433216,2.0,3.8835978835978837,378.0,189.0,189.0,2.0
48.272234554073805,48.73473574745443,9.50355194094023,10.040186680234568,0.1392416323607511,48.33845190491556,10.220916574920812,1.1235740244749255,1.2489499073219574,-0.07137211702828779,-0.295317602876773,-0.035132202334681624,-0.18081816154532376,-0.16544568278014365,-0.03315946550542675,0.038277666458615356,-0.006284556474770278,0.04218414911414135,1.0,4.287458709164679,3.0,4.220994475138122,724.0,362.0,362.0,2.0
48.12417495096094,48.690917742334,10.050349610868347,10.357733200205923,0.04645440779153266,47.785578003064636,9.900626737904934,1.1209668691564603,1.1946438986427061,-0.005838973605076623,-0.36411930122125874,-0.03748513772136392,-0.0827454054910736,-0.226657893582801,0.05455870131344612,0.03123799776718525,-0.03914067898065141,0.027066665472836933,1.0,4.407680120313471,4.0,4.102,1000.0,500.0,500.0,2.0
48.28236630494144,48.421348677365536,9.884039671897062,10.265847961275393,-0.0048879174689984385,47.478803225577664,9.888235134592529,1.07559981892259,1.2340179964607196,-0.09994828674260854,-0.34917173657028416,0.0157170261057447,-0.1104506708691721,-0.24389623112601566,0.0065597371349805315,0.026254352155120935,-0.11863581802942476,-0.04858152809356613,1.0,4.507546919650025,5.0,4.336,1000.0,500.0,500.0,2.0
47.363989241451556,47.965957775884036,10.13155748777934,10.495017168791021,0.03071066589305457,47.32708705296162,9.99711356346969,0.981784449316917,1.2398824508684037,-0.05697054328200321,-0.3609385213819004,0.005211194849023968,-0.02664374435751614,-0.19493251472931408,-0.09544272870935806,0.01551090254881505,-0.0547793870726399,-0.04207487308843677,1.0,4.531604762412933,6.0,4.514,1000.0,500.0,500.0,2.0
47.565829629660115,48.15953819952479,9.937205861989922,10.689988829823152,-0.08973239927418018,46.94463502291315,9.665839175267749,0.9975101856043461,1.1933539618211053,-0.06566726101079587,-0.2839811160277475,0.04828404128656761,-0.078448630601818,-0.17968443628523537,-0.023156501755685056,-0.009335728385278299,-0.09695040616126153,0.0382068740818534,1.0,4.522488200268733,7.0,4.176,1000.0,500.0,500.0,2.0
47.28638371330718,48.0023472623226,10.697597388576321,10.149078378435126,0.09948253125988206,46.21502291950177,9.975384502682338,1.0725483632828803,1.2586291495116855,0.040251053725226735,-0.4294822679687633,-0.026858424894326827,-0.07268960619894009,-0.20851935426194076,-0.01812709024644071,0.02651998157830078,-0.10631538749168327,-0.029100069667423876,1.0,4.61176263177816,8.0,4.316,1000.0,500.0,500.0,2.0
47.7970980032552,48.76437101931363,10.51702348139949,10.347324523857749,0.004274170204475345,45.658477777187485,10.600983027688468,1.0751150558842855,1.2128701218051974,-0.02336985003370293,-0.3699311246975424,-0.027162675177780406,-0.05029127552501352,-0.17421386241489922,-0.004154688565385607,-0.011879885379435023,-0.07889786479839908,0.027989419125212547,1.0,4.566697731969158,9.0,4.432,1000.0,500.0,500.0,2.0
47.34337089332307,48.75922400065703,10.318652507621438,10.498353669571026,0.027953596073363743,44.70012342273192,10.065838236393864,1.1229079867241012,1.1583368246622021,0.003209181441063963,-0.2794977433925812,-0.08447821390894558,0.02605487155546715,-0.18403408291375523,-0.06551214782241778,0.000614632463403193,-0.05755303721850993,0.1212697900097089,1.0,4.480248610748263,10.0,4.382,1000.0,500.0,500.0,2.0
48.149470728000665,49.18946160661368,10.423376583361724,10.313219085569079,0.010769031939472467,44.568265236036375,10.38898744431245,1.1822050272548321,1.170401151507089,0.011596534344704383,-0.27014168309428244,0.04109867593449706,-0.03985590414653843,-0.1673589378610674,-0.030006345128794444,-0.03280395923258596,-0.015317407177165215,0.012667999494753637,1.0,4.473551117638924,11.0,4.582,1000.0,500.0,500.0,2.0
47.42820505536796,48.92538468204298,10.375042663319489,10.045215649509144,0.010229705013243929,44.36703965003386,9.761485358907617,1.079524782214197,1.1338793635050881,0.009420919651340382,-0.2966670105953442,-0.030159907064465905,0.03755973799817625,-0.15836109283398422,0.008637454670489616,0.05666575225169944,-0.11740805282466868,0.0025164928626544816,1.0,4.55381535368924,12.0,4.59,1000.0,500.0,500.0,2.0
47.153818974931205,48.962249402432526,10.766197303112117,10.307405680289111,0.026154313297926564,44.26298402946588,9.974752684888857,1.1283001287747942,1.2487468446627972,0.012693632514290759,-0.3078523851684972,0.03850879609426259,-0.06609395588785123,-0.19441864594126285,-0.12479293940099132,0.013767874608592462,-0.05996973435674949,0.08646668504835774,1.0,4.523232974577375,13.0,4.762,1000.0,500.0,500.0,2.0
47.296353924295225,49.10436888335836,10.539719239449289,10.40078802399431,0.03991782299746199,43.708407204295405,9.684127947805319,1.0048727123748589,1.1024958315824476,-0.007675782090140616,-0.32451412287331644,0.010197989955735268,0.050301067065977825,-0.028677327406695662,0.07176317413395397,0.011065160645158851,-0.07058646359931302,0.0706999002303714,1.0,4.512507753212599,14.0,4.606,1000.0,500.0,500.0,2.0
47.12211299921805,48.69282339308622,10.619568912167095,10.640381017164325,0.0434557045191442,43.197535752114696,10.094352500818736,1.0887447314408278,1.1714765970783712,-0.0004029473549911041,-0.3820559092300222,0.007244769189393006,0.05783547984868746,-0.1471807016502843,-0.014712801510544162,-0.02278931275837322,-0.03967261702072787,0.013376474231566267,1.0,4.481673623375984,15.0,4.572,1000.0,500.0,500.0,2.0
46.85283173646418,49.2739264861027,10.445404545541672,10.96752957534811,0.014737657783279502,43.35344569281362,10.139911441293162,1.2242579366342219,1.203674704652214,0.055468392003654436,-0.2779291038088609,-0.09042506530622295,0.0554578503171255,-0.10716756270755365,-0.19099199421999863,-0.04191281109334236,0.020426903648999198,-0.03855882589245462,1.0,4.536627129673288,16.0,4.57,1000.0,500.0,500.0,2.0
47.97509354368206,49.212728123328716,10.208537329889852,10.79652251389834,-0.0017917729046905845,43.097612931366804,9.839324837232848,1.0701668388158474,1.1164110435102153,-0.02708268714130575,-0.2568597902182006,0.012558679694755489,0.09351730351760927,-0.15916580517959023,-0.0809998310713491,-0.050427628771291116,-0.07457483492926716,0.026780028687546222,1.0,4.597763431303871,17.0,4.694,1000.0,500.0,500.0,2.0
47.949760349473124,49.266644990069175,9.870604620028887,11.563577620569927,-0.04356880755615134,42.11110507571969,9.465359792680687,1.0279801133078963,1.136201246721561,-0.03309332525591448,-0.2012818262482661,-0.15225449754861886,0.00040664162794951466,-0.1634017433006175,-0.07163948107159955,0.026333789421940538,0.023815494937491712,0.059199631203166486,1.0,4.8074223502396185,18.0,4.546,1000.0,500.0,500.0,2.0
47.4393713550157,48.85914253737722,10.13584347309288,11.344357338982249,-0.018252487322368477,41.96852289165538,9.974028970873364,1.1407202216066488,1.1540814975354339,0.05597584267001355,-0.2974791050470899,-0.1105361675996116,0.01810443685680126,-0.15162153835195258,-0.03360388585510519,0.06200921926974373,-0.13402722087411656,0.004855766881655511,1.0,4.7760639338027175,19.0,4.674,1000.0,500.0,500.0,2.0
47.25710596291913,48.163419383927845,9.916155618245234,11.851377947565508,-0.08036634725381785,41.299615129311505,10.008040092110113,1.0152323134133319,1.0902108488650477,-0.002685451867456475,-0.19124965788193563,0.02402563295083892,0.030562159776657993,-0.11969447615377,-0.01859946983144979,0.04400360616705922,-0.021608444133084968,0.04001685094784464,1.0,4.8083807829621925,20.0,4.592,1000.0,500.0,500.0,2.0
