MeanMale,MeanFemale,SDMale,SDFemale,cor,MeanCount,SDCount,is,int,BMale,GMale,BFemale,GFemale,BSperm,GSperm,GMF,GMS,GFS,a,MeanRSC,Generation,MeanMates,Rep
49.73206265983622,49.51256678534324,9.820876689446209,9.968788500521642,0.005173811801512585,49.34736801172172,10.056998322240906,0.9918515165233136,1.0072164838515247,-0.010466711465759436,-0.06494313496852469,0.0577676105620247,0.12294562907607239,-0.13446594883136745,-0.04890989253179233,0.10991831366932633,-0.13183918320877314,-0.10094519457704787,1.0,21.5750361666356,1.0,22.58,1.0
34.80716485651053,35.569455570238354,24.14989215307911,24.603307969436997,0.9077830644409539,34.927956102023,23.818667966899575,1.725796200833274,1.6233889192236752,0.8768869259379863,-0.39534204666488204,-0.6428655917891665,-0.45517580136497604,-0.025574801732585997,-0.31927970293106783,-0.20349710053062123,-0.9919240329044138,1.1514513004807412,1.0,20.014323585373088,2.0,23.465,1.0
34.41281565851516,35.825427389592726,23.885232602749046,24.825793759491738,0.9268156776829881,34.21580804587503,23.459969035556725,1.716636922466785,1.5766684225462433,0.9927330530626117,-1.8324395667612166,-0.27448914579796974,-0.8779487670390206,-0.4620451654481556,0.3153726157570454,1.5547258780811608,-0.8843198463232971,-0.045222443055966996,1.0,21.457626890549673,3.0,23.05,1.0
34.4085838416304,34.612873562183374,24.0983617659676,24.510794889239275,0.9088304264061349,33.74066870062239,23.48958409136757,1.643262072262823,1.5767083644039135,1.157235500459594,0.3773724659289387,0.24529370607053888,-1.165874116577773,-1.1769358229949043,0.39361085477261915,-0.8586290688586098,-1.7200438774112834,2.175608820481796,1.0,22.514689637650854,4.0,23.11,1.0
34.76487831749828,34.36949009501097,24.373647294949404,24.283887948285777,0.9136633871620521,33.5564591435832,23.55987794210273,1.7613544746036003,1.4638651970453729,-0.20656402401844934,-0.8676070187732243,0.4662257759808996,1.0969782947894662,0.005437243711744675,-0.7162850231547047,-0.06849117412667845,0.8444258378459013,-1.047323535500331,1.0,24.009956074086276,5.0,25.035,1.0
33.45370619215156,33.67636173080946,23.734730329812724,24.040964966367767,0.9070814555326921,33.44162855722681,23.2607791204261,1.571960819662279,1.6370772392063606,-0.42015711607203954,-0.768464805862488,0.5787282524016414,-0.7295060227234735,0.14603425211947305,-0.8629007392607279,0.43713413620512553,0.5790770163065911,-0.4160243530130974,1.0,26.496015621206233,6.0,27.32,1.0
33.66517750214039,33.79519210659427,23.98609678179512,24.118608472058604,0.9045230164729454,33.36288907794396,23.18157849982396,1.4924049848099707,1.4273158683682992,0.2812411136230004,-0.32793282375735383,0.0781659248126974,0.3565779006360401,0.03221333837836392,-0.7610195092367099,-0.33970781778553905,0.3250305372329138,-0.04354616284289013,1.0,24.59554839567946,7.0,26.655,1.0
33.87918128228426,34.59572324823317,24.18867916990032,24.752386681779157,0.9038065387937785,33.74422703054013,23.403637459004916,2.1775147928994087,1.1887978646958852,0.21048742291100625,0.806378178537188,0.23260370856412543,1.1444861403866773,-0.12914612134012687,0.11645295382928829,-0.23600435088790991,-0.717642922500013,-0.4272839628221644,1.0,25.595831866614233,8.0,26.73,1.0
35.281258443608834,34.2982387315988,25.214919614720202,24.461593546710173,0.9113007897330493,33.57555266522381,23.457610375561,1.7620768020511617,1.4078635822152394,0.3020393104942696,-0.8751739644545823,-0.15951481064879774,1.578317872550359,0.2021029191256587,-0.30417185137078434,-0.7052927904183458,0.5059257957043353,-0.46497415665794356,1.0,28.951925620072544,9.0,28.845,1.0
34.52450665437457,34.160764271386526,24.616404275058247,24.661035394247985,0.9161837849908666,33.95410589521283,23.11355805134582,1.5609135621007408,1.6377534694206324,0.15710979202603753,0.640939878034659,0.18573444236888909,-0.36077948734129206,-0.24731366011812936,-0.2581250080514865,-0.24296192120668988,-0.9936616028242788,0.4956226972261974,1.0,30.712335787213732,10.0,32.84,1.0
34.2313941701424,34.230565961659266,24.768850714255464,25.024325858523248,0.9077148911854694,33.45869420187225,22.974822042043147,1.5395411004678108,1.497457040334504,0.04990366044983458,0.05640903843698129,0.2435004044361681,0.4474787426822617,-0.01204784400229355,-0.2781995809890043,-0.6221204188463914,-0.16626251646646786,0.10746320188270497,1.0,31.80035469015799,11.0,31.26,1.0
33.82809646389056,32.875409484841995,24.31930667720345,23.811120709819864,0.9185075168478087,33.13721267596872,22.878903162032515,1.5959978366684684,1.6699331330891123,0.23996212726307248,-1.860138888108672,-0.3485201618402126,-0.027295626617796092,0.3554655222049439,-0.991061346774883,0.916768823422803,-0.35910972634876165,0.2639435877494403,1.0,31.80205411107311,12.0,31.955,1.0
34.547189143147236,34.23632488848243,25.03263243657221,24.64827420474368,0.8973152753643634,32.34372324180143,22.430008607820245,1.820301783264746,1.9998987990643904,0.7223955754142357,-2.361102189328929,-0.17335245633356466,-0.5352216310711245,-0.407538950471892,-0.3959311794557046,0.6955406183098178,0.395913884786336,-0.376275202745915,1.0,34.27162924056846,13.0,31.985,1.0
33.96896651149439,34.22861890118558,24.491318135094662,24.865536691781326,0.9175721270284636,31.85482010192022,22.304152094726565,1.5032439446366779,1.600073165839622,0.19510635673363258,-1.0176584826399881,0.7250364986378601,-1.4847026890761477,-0.6049439257852178,0.6681913980411738,1.025107543829608,-0.7485510256511558,0.014666765036995131,1.0,35.55831850981287,14.0,34.515,1.0
34.333413844746076,33.57911564641757,24.61173984193513,24.554725851063978,0.8953153508319103,31.8006589501972,22.23590682777136,1.6053599019660074,1.596606250558975,0.29461524039503456,0.03967072386178121,-0.19136268088181901,-0.1492180256490538,-0.01895402554428538,-0.12836861004513084,0.26889281990957625,-1.3901614993891886,0.5239788746531012,1.0,35.524360023423995,15.0,35.62,1.0
33.66762234174941,33.838826128653274,24.448271833674983,25.026547300884033,0.8771622667003335,31.246525133040194,21.91721190536131,1.3629489603024578,1.6962952806821978,-0.13422129960238896,0.09910844872177374,0.46229244238336026,-0.43766264898632445,-0.27677966037758683,-0.10962731916857733,0.057545348133557064,-0.0965300125681571,-0.5699072695030216,1.0,36.7928731695166,16.0,34.825,1.0
33.769895844260574,33.76886563932951,24.86245031444565,25.125660836172916,0.905353494889834,29.96855281997512,20.9337444208924,1.5952327912675437,1.3505351535099976,0.9121902621343563,0.010737820464564441,-1.0460994665835466,0.682115552082961,0.470729193046959,-0.389701668232275,-0.3003090789103191,-1.0704391647966995,0.8027424670643398,1.0,34.468815027047164,17.0,38.975,1.0
33.75606993399714,33.45942217039938,25.19872132039519,24.492676157086315,0.9153717012555338,30.41988122569246,21.34267449524008,1.7705258671213162,1.6641809497215945,0.9129297274107283,-1.5735152062459992,-0.2831254590693709,-0.03604918708978593,-0.1575295592023894,-0.6229821957001928,0.1281846980152157,-0.4824829944403906,0.8815164959997807,1.0,36.50474751626779,18.0,36.69,1.0
32.972638376864865,34.90229431627361,24.940696921330854,25.47174144328323,0.9241989873036945,30.80660586334061,21.43783291978479,1.576530612244899,1.7126585864233268,1.158116137384049,-1.3659345942346472,-0.7980271360771729,-0.3292445149936709,-0.05118690811512977,-0.6199829049746846,0.68517775854939,-0.41744630051434956,0.1798743069229914,1.0,34.744179215395334,19.0,37.655,1.0
33.28916782069741,35.06941393225878,24.902949519828315,25.874404790640916,0.9094044650448213,30.835535279297872,21.626159245065782,1.676254325259515,1.1894685774539802,1.0293946757252932,-0.36835922776248803,-0.72111858181998,0.4117761828405073,0.2553660172332543,-0.510573270433652,0.15175216965186986,-0.837090264587525,0.7191783623618642,1.0,35.79273315632142,20.0,37.71,1.0
49.32791866018664,50.255198209574864,9.878717794443048,10.581097847503463,-0.09915572367839616,50.00268081327971,9.919932324795642,1.1155555555555554,1.117182622876658,0.12272614307355292,-0.06362024827599684,0.13704590385506538,-0.12224323594456951,-0.184310577154013,-0.04187456888480899,-0.037294765452470256,-0.1200676897638375,-0.02338452336612156,1.0,19.08194368246529,1.0,24.74,2.0
36.897833909584165,38.137359603654076,23.05449561256382,23.711071322840347,0.9020464997288085,36.46352007745163,22.50275098982611,1.6500811249323952,1.6245906158443115,1.1830832622766778,-2.125242958000182,-0.2621384614009321,-0.7620486540360143,-0.7830025877438725,0.09015172781878127,0.8740925387648767,-0.1206356252261805,0.10118682361555217,1.0,23.392522450584202,2.0,23.325,2.0
36.89806342103034,38.77098325657104,23.492535198570536,24.2966546578017,0.9083134839968409,35.63111625785002,22.13333484959694,1.963605927211854,1.237693637156882,0.9882241866928586,-1.2792224425992227,0.2110065745279679,-1.3620116451293285,-0.8029515087824936,1.9111280465575722,1.8222954139837617,-1.367192864968615,-0.3498537839544319,1.0,23.613445006220797,3.0,23.055,2.0
37.293457746032324,37.771036061573774,23.764387902747917,23.877799067995007,0.913103851355657,34.77362825089967,21.892857549586626,1.589988582416921,1.5234849581672856,1.0176873278693552,-2.7899472695792324,-0.4207681700312639,-0.18519259569995714,-0.3803475609795016,0.36764087321207295,1.261699397207798,-0.09412170941787597,-0.3469876192024963,1.0,23.376313750939904,4.0,25.81,2.0
36.91606447668563,39.16256194045285,23.697397942633366,24.803070727681174,0.917211878771845,35.35415289034536,22.339028680200773,1.5826820557942136,1.1473359591233732,1.5329272596676153,-1.0650890469167877,-0.2955909267014001,0.6031466185555531,-0.8808011550153646,1.3847997839480783,-0.028581718628946286,-0.8065863689605636,0.10269516444392132,1.0,26.372200653723084,5.0,28.78,2.0
36.57827884886515,37.881547019660076,23.491447021372288,24.24751603996614,0.8971245400079307,34.15957391301904,21.703532107322765,1.6008230452674894,1.5046504453387286,0.542016311937127,-1.1122722466217596,-0.13062023093870886,-0.5348789847078497,-0.1386135978345625,-0.36045195367157984,0.5252673397815263,-0.20801454765513028,0.23622088828180576,1.0,28.85432056786197,6.0,28.635,2.0
37.129260198290424,38.033014974128754,23.78175929153515,24.57180943025936,0.914767990233974,33.48473814671269,21.111892938478817,1.6861963666476891,1.3967977956353033,0.45408955833257786,-2.2168125982689753,-0.35644308983204037,-0.5272440180597712,0.1800079759885715,-0.32465993395620707,1.9717043711188993,-0.4780958876531062,-0.32407081693212586,1.0,28.19190969631404,7.0,29.43,2.0
37.165906388617195,39.15530598101428,23.744672026499035,25.04685340572418,0.9067095164523354,33.29428051599883,20.93594472932718,1.5204788909892883,1.177500510498133,1.1564476398049492,-1.6443040399271875,-0.26402344037710007,-0.10582524287054118,-0.4440567580834387,0.7852910921117494,0.7976425066078038,-0.489006025850691,-0.011311907861536262,1.0,26.592768860194596,8.0,30.55,2.0
37.81328441786462,39.213006786224376,24.368469827229394,25.05452079310369,0.9143425296438014,32.5238755985935,21.09077540948496,1.5835264853863986,1.2016286989688423,1.3468459147743144,-0.15720284776365814,-0.7318027039025253,0.7745160779225218,-0.17320445248495986,-0.5604235790533417,-0.5169373127324022,-0.4980902367738929,0.7718084849671253,1.0,30.15178093893922,9.0,29.955,2.0
38.79629913907245,40.01318601128459,24.678739351930965,26.239760515804594,0.9082071306430745,31.76061728163343,20.81998723499377,1.456177739890244,0.9116436478562304,-0.28072093666394593,1.613405920536386,0.22979027606467017,1.1985719362363443,0.6068142914812014,-1.1299011650739266,-0.4884363854792064,0.44284432405802426,-0.8525206176776297,1.0,31.326753050695253,10.0,32.825,2.0
39.230509589944326,39.55423528353349,25.128887502738774,25.801099515354835,0.9118055733975942,31.457914566334853,20.391025986284923,1.3791559780695144,1.3071985330908977,-0.14586050158385314,0.8278055182819453,0.31767554728117375,-2.6770683287357585e-5,0.15838523529497403,-0.850212244364812,-0.4634794556589165,0.057895184784699356,0.09082682122994633,1.0,35.14301603305053,11.0,33.15,2.0
39.153666963587604,40.47780886151566,25.178247639950712,26.08498325339399,0.9333049196112562,31.304399200068133,20.583186948470974,1.411883442885979,1.0887182325234057,-0.050462964154210276,-0.15872076315008923,0.5086753486648437,-0.0473619230327387,0.2593251836037707,-0.8465116972427762,0.04172951113391542,0.47519143505353517,0.006642699048096798,1.0,32.958812979005295,12.0,32.905,2.0
39.76533795765797,39.74320447692803,25.381788854883702,25.509591933373507,0.9205217216053625,31.779088518398698,20.22412615527039,1.3971462544589768,1.4592672911394364,1.075275880825772,-1.0957009675065532,-1.3004105079479622,0.4335274281160091,0.3742390159581455,-0.461556138697248,0.27848340847190034,-0.9202794265843905,0.7414360152671978,1.0,33.48722470209955,13.0,33.45,2.0
39.74773753770569,40.159989033015464,25.159226634895287,25.560783266953525,0.9149236072355649,31.368123179728304,20.215611161193213,1.6149968494013869,1.0334903672110491,0.15490906257582115,-0.15661548435198536,-0.4051152551409155,1.6699599630003135,0.5754870341130014,-0.10809948103657593,0.3371959732549528,-0.642329305925776,-0.6186723412614705,1.0,32.38439499390978,14.0,34.355,2.0
40.00627613429136,39.47963876121084,25.51695722614027,25.682248841268844,0.9179204166036664,31.847967412590478,20.628455628134848,1.4895853997222772,1.721930981437705,0.14325156087324534,-0.3535001573801101,0.4527142137633072,-0.04171264276708284,-0.7704439968604349,0.2060253932679999,-0.4932479869833085,-0.073319200357406,-0.14571807129316508,1.0,34.55971814709827,15.0,33.965,2.0
39.94690169870294,39.8791907744069,25.44446999343077,25.807365970293134,0.8890628916922005,30.89143386938986,19.89715503931403,1.4451073402122352,1.2859402747544926,0.3788236197685689,0.6903881237154167,-0.1306887608466058,0.3329864756690395,-0.048394797900938924,-0.04603280415228472,-0.4627134951479649,-1.1578441978061302,0.7474804341102049,1.0,36.33298765590902,16.0,35.61,2.0
39.447913396849906,39.62763274363997,25.940156565841214,25.990216504176924,0.9268547352509613,30.475461808140945,19.69631005947048,1.5094227335846062,1.4180501691565828,0.33551203142215286,-0.43996010369300675,-0.26512765376215713,0.21400802056944299,0.08787901313817445,-0.5880064713315093,0.2688528582437155,-0.22286786278249607,-0.11302367011884236,1.0,37.10277127067154,17.0,36.985,2.0
38.350535795390414,38.83183632424144,25.51608163078027,26.40511900972728,0.9329251642496111,29.406703392144635,19.91693031478665,1.7091836734693886,0.9902553888710223,0.004909701696839247,0.015748126514439083,-0.21047267969753308,-0.572121813091381,0.732824647078359,-0.36042385565122914,1.092698400189767,-0.9821936002824987,0.2503338369757211,1.0,36.33400427162026,18.0,39.785,2.0
38.350864749322156,39.20267212475568,25.999858182795098,26.61561585160698,0.9370866814841807,29.671246834030516,19.670457057018755,1.4796667327911126,1.4012062398815102,0.6432424533404673,-1.6219160010525486,-0.5314829898118326,-0.893815938851438,0.15525342501991996,-0.01901209583304966,1.462999211293698,-0.8440129157810217,0.2026599796736189,1.0,36.62491179868679,19.0,40.295,2.0
39.230908247944505,39.055022926361815,26.012629231873806,26.25057028521914,0.9386912316095046,29.639810323069415,19.139576108614317,1.5401136763744288,1.4671779023076081,1.2997785929882184,-0.8309628065147262,-1.165864279338846,0.5761369691963127,-0.11920414686683155,0.27769479426488514,-0.015433999587084947,-1.2289959923298817,0.6357930619978521,1.0,39.3962752160106,20.0,39.985,2.0
50.22435562362281,49.90023594426216,9.823264714945081,9.155818812869523,0.04055665990172033,49.30406923688296,10.016113455578198,0.9921875,1.0866541771139782,0.01886711610606188,-0.23604507340010833,-0.06452519797844725,0.11013979025896893,-0.09434011910656291,-0.003179532263937029,-0.03465531915555869,-0.15216821506710634,0.07392105900337208,1.0,17.593616189529968,1.0,24.455,3.0
40.84710866759535,38.93100755646459,22.15438889118222,21.34915862703728,0.8584103889560593,40.002383847323394,21.86726963000245,1.6572823901177827,1.7884837938135305,0.0152173679782385,-1.2392313421146315,-0.012388091652750077,-0.4193388802564722,-0.39733881802609067,-0.573198948182154,-0.01265877283107188,0.0761990521486149,0.32555667653571607,1.0,20.17388144369065,2.0,19.835,3.0
39.583964283550785,38.43838112538277,21.749727711585656,21.59029874146725,0.8751326156319669,38.67323827462078,21.101784709895373,2.0008592768854507,1.6914838724744437,-0.7536836892293535,0.2046664495904459,0.29900530924774027,-0.11695429266421187,0.047931485299861465,-1.1431003218717564,-0.00476439082919306,-0.03325471540118527,-0.1660536199862496,1.0,21.861576045147707,3.0,21.195,3.0
39.158323946899436,38.42020026731375,21.937183297626003,21.468489188885723,0.8572105469302855,38.80129448389721,21.440783282235646,1.429928325855136,1.4686228724922616,0.27438908033690396,-1.2126546065581176,-0.6684828831318186,0.08947742545375557,0.41085978094558895,-0.33652917675002775,0.6098228312212031,-0.5908324190239517,0.2645827671051531,1.0,25.070351424331385,4.0,27.5,3.0
39.38671163167314,37.1303184569437,22.375666336975456,20.810375492402486,0.8689063944419249,39.32175693125275,21.467376453714614,1.5075445816186555,1.7653972140091263,-0.06778230196832445,-1.6618028073194278,-0.008245234531612638,-0.6126345408701189,-0.17939622739422886,-0.3398816487167275,0.6150973205651039,-0.32099161731763926,0.31764301637905756,1.0,31.037741799066456,5.0,28.7,3.0
37.913455001444824,37.56499642447364,21.227450302479284,21.408255337798376,0.8773166503618409,39.79241806082157,21.806846544103205,1.4197530864197527,1.2923345718747496,0.08932392177290088,0.2639894679441127,-0.1722472933439552,0.15648440298122895,0.08907757345372247,0.2366781752052742,-0.2779302137175615,-0.8888396391364163,0.44496661834889223,1.0,29.547984064661808,6.0,30.85,3.0
38.22280982154354,36.37649318934812,21.666745538479002,20.851850679801498,0.8602327580586963,39.817979509354785,21.721252047359656,1.3808291496299367,1.4002432581078559,-0.31477608546091085,-0.12005607695356267,0.1015197391984542,0.9455369061030977,0.05388689538294366,-0.4295467673260702,-0.6107809249858049,-0.00026164994668460227,-0.09484558234818298,1.0,31.226502711303294,7.0,29.175,3.0
37.25771335285077,35.690241919495314,21.090638941423283,21.06605581425187,0.8544792834983633,38.70472803583379,21.789657894103275,1.3051697530864206,1.6221618110018576,-0.34653176908638944,-0.3357780305523203,-0.10218437193979696,-0.5908691283314771,0.18001308424686877,-0.3111233212097176,0.5107038605050632,-0.5223451198955293,-0.03520116398837435,1.0,31.094727320721116,8.0,31.17,3.0
36.5198857597501,35.784368663262924,20.8760379127755,21.244468086365522,0.8635703477987002,39.40147153551262,21.88698932651488,1.3375226172428967,1.4660258991344615,-0.09527668303032058,-0.44348688245060003,-0.20673668957219815,-0.009442362271848075,0.22353575128948663,-0.836937614031886,0.33165012513185815,-0.2340239284716358,0.10161929101960392,1.0,27.662461837968667,9.0,33.445,3.0
35.44984156902171,35.39692121135432,20.81226160550947,21.344329412338926,0.865713691430794,39.41828652727853,21.854336617734802,1.316008728426899,1.4099740414678181,-0.039891033196850764,-0.6743724145260712,-0.02803996527791891,-0.27035108138036423,0.1463476569623422,-0.3294377996814643,0.36552102032728007,0.06199034236182877,-0.1800809718500473,1.0,30.461073849448262,10.0,32.38,3.0
35.13127959308324,35.43304911433012,20.96605153572998,22.022241034463104,0.8506406697769733,39.46546720484932,22.36888461936927,1.1333703549446994,1.150953778060645,0.3604684755996398,0.11186797798524294,-0.31571078652814466,-0.2983399824633344,0.1665482453398892,0.3728536295372134,0.14738029531456023,-1.0398435871608522,0.5880981230288718,1.0,31.50790146155623,11.0,32.08,3.0
34.65731516158143,35.67175007730819,20.94094305926097,22.351450487325184,0.8849200222637201,39.547692314182,22.239773476581753,1.3369892174556894,1.3221525554620144,0.071322787430857,-0.064007824973913,0.2868344552852633,0.36102964941140936,-0.40162078273940727,0.13929050339877727,-0.02155003711575931,-0.05821013172931394,-0.6097071432752781,1.0,33.26501709989136,12.0,33.06,3.0
35.53465384116008,35.608038507808736,21.790240788353092,21.67092436829164,0.8698674478826708,38.95963820304786,21.928057990486884,1.373365041617122,1.7594164131273171,0.6251990669924548,-0.012665509177946586,-0.3164070936895845,-0.3631259304329507,-0.633320836129996,-0.20991394390551502,-0.2773990556957167,-1.1792604591775657,0.8952114382775702,1.0,34.350810010451255,13.0,34.455,3.0
34.73662783854871,35.194577753766765,21.18520549237836,21.61437516229514,0.86406285783691,38.05234889867503,21.561109129130433,1.1411614317019723,1.2769091203578014,0.28249907463015755,-0.5614384439070191,0.05512346043473217,-0.13273935821487937,-0.12605678412180418,0.03014867080319937,0.3089242964350429,-0.5452807251529571,0.26237382974059914,1.0,34.11605809495314,14.0,32.825,3.0
35.209493682484165,36.090281068298594,21.23437481736418,21.762858013679093,0.8756624424913415,37.61267060747192,20.932729330704845,1.584876543209877,1.3263782156304789,0.6715746179798979,-0.7388579466449345,-0.16172606290538205,0.46732852818414833,-0.47056672602059524,0.6370264024582551,-0.11512215852170692,-0.45534828214358786,-0.08314450489846635,1.0,33.67708917062757,15.0,29.915,3.0
35.891524957419456,36.312971437350924,21.014138401202754,22.16758442059498,0.8498026195758208,38.2262297779249,21.33544699526121,1.5303210463733645,1.3888257161629034,0.46081284173605996,0.024278793333284684,-0.25091100977302877,-0.5037304405989145,-0.23665692617402484,0.11124084778087268,0.05099264474109706,-0.8276266931885393,0.5088754323689345,1.0,32.823345703405174,16.0,34.625,3.0
34.720309145103585,36.058822577568485,20.594542535622484,21.60209002528415,0.8831543370069375,37.52710567704351,21.536312816780395,1.128742653523995,1.4367624288602552,0.054022129505019445,-0.730856634965416,-0.06525645704465338,-0.7890483935955362,0.1996370340529791,-0.7024903898701158,0.7472535915933411,0.29488146166067947,-0.28266172818830654,1.0,32.9635498535738,17.0,35.55,3.0
35.46154795040769,36.02115583126203,20.793086800034786,21.78567916095942,0.8703747062306613,37.59750470876227,21.3912458232459,1.4052767308073792,1.0882025754229483,0.39678263994282553,1.346994000171764,-0.3584069785058276,0.2888445266437903,0.055300801120823445,0.025728928269763675,-0.31621057676878406,-1.4169973348509926,0.6213676105421947,1.0,34.54458368268559,18.0,32.655,3.0
36.3570722902279,36.80699494650444,21.186472318700467,22.172359806581554,0.8723584579907824,37.46149919241864,21.325534030018627,1.1814404432132959,1.2299200388299691,-0.009669919102883251,0.09975179422012619,0.0027135037161138955,0.009520778125699745,0.2689372125607858,-0.8237106280345432,0.2553730271549062,-0.12215667659020395,-0.006455195370816295,1.0,31.852846384398514,19.0,33.67,3.0
37.16625593877975,38.388504331711985,21.634119570938367,22.63787768124916,0.8804926269568417,37.39965120424254,21.046819218711704,1.4112654320987668,1.0904830446001237,0.5522379138871895,-0.05135091502081538,-0.14011375910853477,0.1873782943591925,-0.11468602417187385,0.08572777226338825,0.051790563326663784,-0.24901963879385922,-0.06664047921655679,1.0,30.694674520924004,20.0,31.365,3.0
50.49893222505141,50.11215050281402,10.041738208745993,9.83666512724408,0.11871023833125541,51.02659814639216,10.18534456902122,0.951585663351473,1.167023341419419,-0.04150136031426244,-0.13669832151575537,0.0008561700635773576,-0.16490181205529159,-0.10558565941326822,-0.05232442589493578,0.057914573963057464,-0.04025640194435058,0.04505066194869499,1.0,19.52406379881234,1.0,23.81,4.0
37.19028808107381,36.241941578832915,24.07753113654762,23.965433608051455,0.9006781318825922,35.91102390157459,23.51278754091947,1.6022812649409188,1.8948643531938631,0.23945203171574078,-1.161371259372784,0.538849410389478,-1.0154549220651434,-1.085750696581067,1.5053599592519478,0.1874986499124435,-0.501560067395969,-0.34433425291696157,1.0,17.911274978874918,2.0,19.005,4.0
36.49999461350677,36.130470247568574,23.918848516052883,23.83970000167752,0.915573269097289,35.18747201090204,23.048662019427905,1.5280000000000002,1.577398201204291,0.37563726039341033,-0.29214733719624475,-1.0312047286426171,0.7577191454481256,0.6186861347058361,-1.1692466068579805,0.5783884879166291,-1.7416482901867403,0.85829436279311,1.0,18.138399905549687,3.0,22.115,4.0
35.7570316268824,34.630739627220855,23.467914513979476,23.131213360910746,0.8988559147431323,34.22923260215533,22.657223994410863,1.5756835937500002,1.6473512893399032,0.3292907993052005,-1.040793887960979,-0.4759865832737627,-0.16334142828335604,0.27012270635090824,-0.7778812093475224,0.2718104641676736,-0.3129661777100997,0.4359004376963178,1.0,22.328636246496032,4.0,21.835,4.0
35.242129727097584,34.56613977691511,23.948423884178943,23.53168613479141,0.9038798106528911,34.73376408793733,23.571384548742415,1.6153846153846165,1.847366498655186,0.51169104390605,-1.451143229129684,0.48210587360042884,-0.0771910204940213,-1.1194419698689757,0.9459645638325724,-0.004919153675869139,-0.02073509559575086,-0.617035425708029,1.0,24.192909447276683,5.0,24.445,4.0
35.26472001091377,34.804130873720744,23.050054278723096,23.331922864336708,0.9214962058349759,34.61716040441134,22.988970870314166,1.3250393333721806,1.4015740001061714,0.7690753593596463,-0.6769363838345466,-1.0298561780840259,-0.7010025826769846,0.4328395793984397,-0.13584845630509193,1.1108278670647067,-1.7807546330933341,1.0145568287647073,1.0,23.100956213651216,6.0,25.895,4.0
34.29455788411905,33.87681202019562,23.62544355635874,23.41854950095081,0.9094895017448603,34.34625934270665,23.39423286213057,1.4621212121212115,1.72478931445936,0.03848902107929812,-1.4647063986966549,0.12620723936966857,-0.9456383143658165,0.04041445211542118,-0.5303627070836144,0.7605926721456295,0.41763309592686115,-0.354442055150094,1.0,24.518030612009092,7.0,25.98,4.0
34.780017772977615,34.29214298960526,23.52969250532732,23.38895705124807,0.9008700684569235,34.45541740900956,22.941614988853807,1.8184772763599548,1.4249409904930617,0.6721571997266039,-1.054851547971015,-0.15667340315142425,0.74534277896178,-0.4097229743333774,1.3061164925613313,0.02961760190444242,-0.9444085191782888,-0.17060606849805163,1.0,26.871190097318298,8.0,26.785,4.0
33.63045138708069,33.93588307557589,22.70217117396423,23.507427623611903,0.8871315436232591,35.318421341352476,23.14814743875543,1.572330624708866,1.5708594472215853,-0.20659877154598147,0.3789517581408628,0.08319450942848526,-0.6525477994110215,0.2183251256293483,-0.6712326197748252,0.11784101138612842,0.10300625462659699,-0.3559411424450189,1.0,25.56166639569295,9.0,26.365,4.0
33.9399762077361,33.013370271737884,23.840809993272764,23.13490383999945,0.9059249618777167,34.71030284484676,23.568104137362155,1.7221679687500007,1.5676302880296098,-0.1352748812448914,-0.18371684818504788,0.37271722986537525,-0.7289887019360021,0.04428539646010303,-0.16453669974473803,-0.22178456760695564,-0.1268832344660821,0.3298753609532755,1.0,25.33891587797776,10.0,24.355,4.0
33.17407240031482,32.662109559521234,23.34013798483898,23.18746104612311,0.8908912497277833,35.35064984586006,23.949188883763554,1.4801097393689984,1.574040889898708,-0.45320833865070786,-0.4054570835765433,0.26056768512817347,-0.41474927748501367,0.4168058334312763,-1.0567750164099015,0.5988184535578878,0.19601247099511715,-0.41429525957873026,1.0,23.696286928091197,11.0,27.365,4.0
32.870470786195796,32.58083818815577,23.13848104523945,23.2061257228252,0.9046676270551703,34.949118241376446,23.81606865028917,1.9445345832582166,1.9032456385647831,0.3495050191779935,-0.9972678139632004,-0.2122557506981489,-0.8296173247329801,-0.21622568456944066,-0.5442575219404233,0.931584209134858,-1.0650916155028944,0.37664665138053427,1.0,24.828145054089322,12.0,24.515,4.0
32.042534225819544,32.94498040384522,22.8527895378503,23.79028986935499,0.9120829455942953,33.08435950009064,22.408955407106546,1.8086941320435868,1.4297385147446406,0.3310138651950503,-1.5643835778525375,-0.019631002029171646,0.7875915608642979,0.07264511501734518,-0.612908683050697,0.2120794121561487,0.8204158397243089,-0.7417016451030166,1.0,23.35233348810425,13.0,25.36,4.0
32.346585375722114,33.10015244780452,22.738399285406334,23.454880075557217,0.8964591342292023,33.22031156425023,22.94679341975636,1.5464716508361978,1.613394738554621,1.1953277544471756,-0.4155676366169011,-0.24416675055311504,-0.7687899218322791,-0.7995694839084022,0.9230529135142339,-0.10455174311287267,-1.164699333461107,0.7010104827362508,1.0,23.82126602804928,14.0,26.51,4.0
32.9794465264936,32.961675062714534,22.961252042877234,23.355407667192065,0.9147066322981144,32.825510108033306,22.251272143954054,1.6367187500000009,1.4984389857994451,0.2929835583294428,0.6267285504025328,0.22689635213351467,0.8694153213817196,-0.37243073578698627,-0.4290455431109506,-0.8502211232901645,-0.3603493705322855,0.059326511976017196,1.0,24.944330288609606,15.0,24.46,4.0
33.02302249894294,33.20383396387247,22.78991361040165,23.49695493054636,0.8860604006683809,33.33358354530155,22.51141977298291,1.5172644241479178,1.6181576973768477,0.44971467340807453,0.09434853662716043,-0.3210349149244121,-1.2471309815727267,0.04852552998283756,-0.3171168479252688,0.5281852638374933,-1.745399604228206,1.376484406922035,1.0,23.691234616206817,16.0,25.85,4.0
31.77195052770539,33.00676976459665,22.611943300457934,23.85478768965095,0.9137473108931699,32.836470016929994,22.76732024657034,1.5689386056191463,1.2120770536078334,-0.06626919983160981,0.325492593297975,0.031527898080622736,-0.04026301565589833,0.3815046054343308,0.20061654737464846,0.47547796880280646,-0.5208670603412874,-0.5129534684988547,1.0,22.323450192638216,17.0,22.72,4.0
32.5091481442759,32.461577135913146,23.231121725087593,23.792266556782984,0.8996701318703039,32.43911620660827,22.953051017067278,1.5854051708103423,1.571366229003733,0.3563598090117014,0.3199017141318582,-0.05299234564771064,1.0341498776685083,-0.08430787760101628,-0.7810024436691859,-1.236981869392077,0.11295205367026018,0.19094364209403902,1.0,24.25562853377916,18.0,21.835,4.0
32.15077821502818,32.89671327345162,22.64395938682293,24.259035520244872,0.9151996937538109,32.74288307814205,22.995057540120946,2.054925673973292,1.423182815303865,-0.32847568931355553,-0.13588418447651993,-0.26964005501182325,-0.8547496660874846,0.8938820588662929,-0.7954299512397645,1.4334081599556934,-0.8425120152098855,-0.11691041637953377,1.0,22.04029071175768,19.0,23.04,4.0
32.90422190600123,32.57399490435358,23.850261905755474,24.24173131054035,0.8957163437462731,31.631817950393824,23.107665673002057,1.8029730410682783,1.706880438907093,-0.7239889482171051,-0.15273674661828365,0.5518906284058517,-1.0858874913281518,0.5307973724102888,-1.1597342591741924,0.5246789539341671,0.1201330409801437,-0.10156349523789117,1.0,22.397118023344618,20.0,23.415,4.0
49.52499034327983,49.420337763432116,10.228405428869447,9.972672494970718,-0.01470537338427106,49.730577460454754,10.424988917768964,1.0023781212841854,1.0519467504158444,-0.01852340098547662,-0.21471524293816727,0.03557802635856548,0.25918179845384187,-0.08670657580774256,-0.15412141813983465,0.07138761432748053,-0.12581720622528197,0.06980436920458967,1.0,21.71344945374506,1.0,25.38,5.0
36.090803633508955,35.3244519226549,23.447005045005984,23.335575659467963,0.9088518910521681,34.84949220212903,23.128825508905607,1.6660053320106636,1.7295525548335808,0.24962222128477576,-1.2203005405921448,-0.14583409370485811,0.23608972439734935,-0.11486903696375955,-0.5623230270090571,-0.03851981864263246,-0.06886082835772663,0.15254288450429004,1.0,23.563167984711328,2.0,23.235,5.0
34.89333143190611,35.21325803866616,23.330197971742017,23.6999188878684,0.8954233879299747,35.08466217932921,22.97185048387874,1.5298960399014487,1.7631180044476267,1.252540467954386,-2.8726107991623597,-0.15138479435407534,-1.2185568118313332,-0.7768015184583701,-0.3062661619149876,0.4443452805404065,0.5806005610337315,0.5888282876996023,1.0,24.057317239667704,3.0,22.81,5.0
35.9712319812709,35.220707252399016,24.072084336684316,23.638032918025235,0.888599409997208,34.42789693854001,23.174687141905277,1.6643990929705206,1.5212024416905834,0.3875472078734501,-2.0662962342314533,0.20169570917172502,0.16910423137012393,-0.39993080200921544,0.43936584039202153,0.7688173294653956,0.021265541007223863,-0.5834583843529011,1.0,24.79526915113689,4.0,23.025,5.0
34.979099489972015,35.83542015728296,23.73469619200629,24.35103962354817,0.9014227512981426,34.23815844471292,23.23571004640947,1.5544051088102184,1.3221998781859148,0.6919509367828953,-1.4266752657461679,-0.33675073086046486,-0.2087272986363007,0.12968707743655822,-0.2938089393288612,0.8440453219355977,0.019827996843888238,-0.15936859336316403,1.0,26.44387928028841,5.0,25.615,5.0
36.056578804804964,36.10443772498792,24.091094643672232,24.870277174831436,0.9042121575557146,33.957375026883184,22.711434326511178,1.6572543617998161,1.226217512129126,-0.8724810252693007,0.23185921490852238,0.2964361327881981,0.12921351379351584,1.0333093038544134,-1.5700048517795728,0.5005468402395872,0.7274935650946539,-0.8542849213034804,1.0,26.382713340955412,6.0,25.11,5.0
34.443494367773894,35.11671289222238,23.755615728281747,24.74115212668881,0.9068279930226669,33.705218323930865,22.5483817153101,1.6004861778506418,1.3421051369019121,0.38684569659280893,1.4636303349832744,0.0018838237247587098,0.668217515726755,-0.2930495004766106,0.12201924344297349,-0.6480575936878197,-0.8376430059876206,-0.17422087718713927,1.0,25.338308013670876,7.0,26.53,5.0
35.57983006846552,35.617080811219395,24.607503436878904,24.942420120538273,0.9130241663408702,32.820382386451996,22.203445938769107,1.6627218934911252,1.670001000576677,1.2691349148488766,-1.5008766196442236,-0.525014430111937,-1.0575315562982557,-0.6286664763692114,0.9830885168745652,0.9971959382824236,-1.4929806138889359,0.5728033684310572,1.0,27.352653166208256,8.0,28.4,5.0
34.676524033709825,34.75899529211557,24.043987322887272,24.65210461575659,0.8994990338679293,32.94105211592849,22.036293099371495,1.472711071508132,1.4545748384735404,-0.23073865195887244,-1.0960285587875926,0.07512295738855192,0.04425622590575843,0.3655846779419381,-0.6877829268014184,1.017152662406602,0.14120144334921178,-0.7672492103900967,1.0,30.996499562217533,9.0,29.0,5.0
34.48912410728612,34.95359912645779,24.13972696089014,25.022023223794417,0.8876433472229369,31.694967310327332,21.16603234185999,1.4102079395085072,1.3242090339382366,0.02943759269115875,0.5615655410756928,0.23818692171777073,0.4959473412797866,-0.08912737557559389,-0.1401431260358858,-0.2119202334012673,-0.2743417772638264,-0.46218647681642777,1.0,29.9991387259142,10.0,30.77,5.0
34.50806266106015,35.02466940974917,24.29626387716621,24.817070371604157,0.9040104762961699,32.20427051591066,21.61212838468655,1.5788534021027574,1.6116089877270334,-0.2273570562271096,-1.9852946544864785,0.5502762300475302,-0.8577671968154389,-0.016124317815633036,-0.3181495370341922,1.3822706715493314,0.8949711474344363,-1.238716187276431,1.0,31.86124214853019,11.0,31.15,5.0
34.35695619919983,34.767763893092685,24.12355525697292,24.617722377077584,0.9209912498355394,31.78640481166108,21.20192021193662,1.2944976609489862,1.6549002979506955,0.7652000720195464,-0.8851162378184415,-0.14265917586781238,-0.8531062022694204,-0.4898956926480216,0.2977361583937865,0.5209006304995328,-0.864213947478436,0.3605517230991968,1.0,30.106319018237727,12.0,31.54,5.0
33.31773974802814,35.03039854573549,23.807670928347445,24.925052416145903,0.9023058096053149,31.643022973345172,21.727445387156685,1.6611796982167348,1.1255195236064295,0.48041689484104044,0.1603537563855468,0.16117675440600499,-0.18190514445465547,-0.15453811448019983,0.12135484168704104,0.02555148315434251,-0.27713369351354045,0.023813404072193824,1.0,30.47745894862086,13.0,31.3,5.0
35.12740992628512,34.08434228953639,24.704799054111003,24.567408005474192,0.9108671028708782,31.464939380006864,21.89301699792498,1.3374485596707815,1.4482439614797618,-0.14209227982315945,0.944518480706971,0.274850857534999,0.7561541453155501,-0.09616643145201863,0.094557897012706,-0.9954693805857115,-0.5039780219957345,-0.05503995234730804,1.0,31.301674293626792,14.0,31.68,5.0
34.453835173539495,34.55331486810249,24.509537141023745,24.05864523772419,0.9058360694941295,32.291735386651155,21.71550971338792,1.614025599423111,1.376187451232668,0.4358351984284389,-1.0092530002151172,0.3259279640295581,-0.5906322369001787,-0.2086753796517156,0.2502858768125032,0.19352619114590885,0.24418104577602215,-0.08968372899151218,1.0,31.930380571714863,15.0,29.65,5.0
34.01694815961654,34.22698371964472,23.859132241592924,23.776931705539535,0.9113209412289472,32.19243417249245,21.694923385195978,1.5519848771266547,1.5399940870673163,1.0545013113557962,-1.5730563526975427,-0.17869315439144756,-0.7921328485468256,-0.5323615697680171,0.38039559710377957,0.5593907646099945,-0.9024837764739996,0.7918728781599121,1.0,30.276179597314325,16.0,33.335,5.0
34.1598042606963,34.66905515737702,23.67057175843652,24.182001456122386,0.8984217782140449,32.38380989662991,21.684252654223766,1.387755102040817,1.7912725430059977,0.8761188392641016,-1.2259970367259188,-0.05763070880764282,-0.7063699254816381,-0.7132572670747563,0.0144693737266667,0.19577013826525863,-0.4977621943608457,0.4751959451921092,1.0,32.2002120134159,17.0,33.175,5.0
33.57783002260337,34.13318570208314,23.184213753359284,23.978376097376664,0.8890870951702129,31.04456909141022,20.991777384282067,1.5918367346938784,1.3116027770125422,0.28745893364877534,0.5540911259471033,-0.4043944335058856,-0.1723174992064985,0.462369174029028,-0.5540559939923401,-0.04836417826238392,-0.7726535901372393,0.5516901224109725,1.0,32.15542931514515,18.0,33.545,5.0
33.59720110871747,34.02958301352022,23.176235667656385,23.61617532154613,0.9111911416981628,32.55455525648706,21.872008439841526,1.3953580638762149,1.294354344679297,0.2890094458127844,-0.4885617838622784,0.018340752229949443,-0.36459099291659314,-0.019822382419684984,0.45322625303459657,0.5336345004772394,-0.8523186000225912,0.12704350509169668,1.0,34.46196646775751,19.0,34.665,5.0
32.67045909134196,35.45039390826978,23.4090386269871,24.76834588210332,0.8955266641097092,31.89165607133414,21.753111961383873,1.4151953977385434,1.1020160012395397,0.9327606737358515,-0.15113062199225527,0.1359125997663228,0.47609984402622424,-0.4983861246368662,0.6327146957901968,-0.5674146264164459,0.15418229700857122,-0.23328622261314944,1.0,34.6781638021582,20.0,36.075,5.0
50.011915401374445,50.76160496942222,10.469293708531687,9.872737912243515,-0.05870603629662295,50.48610712326162,10.209030231732832,1.2398074876208984,1.280991262062548,0.0998796757234321,-0.4962221861374909,0.1228577162777509,-0.06200011037178374,-0.10210981369327954,-0.03944364250622936,-0.13110848246429987,-0.09703225801773067,-0.008874139549803109,1.0,17.949440705227065,1.0,22.33,6.0
35.77351959523513,36.77836750584796,22.67971703230928,23.739441108843284,0.9107668929729463,36.113194957265584,23.4720828034156,1.4305555555555556,1.3748077591568864,0.5096895692415099,0.017198081708573,-0.9263653494929593,1.1294199073035553,0.597359530611699,-1.150896812369893,0.24058810443282325,-0.7331521455028874,0.04978164182700696,1.0,19.44752457085266,2.0,21.79,6.0
35.84474454205428,36.289253116369515,23.375780297308374,23.89794972416587,0.8848826339788614,34.98506126037899,23.294373322229436,1.643262072262823,1.2030058985550922,0.6538743434871751,-0.8897170549405782,-0.0440656170499205,-0.17715253515137844,-0.3646023053342113,1.3762449589525863,0.5474522815997508,-1.0163900330531688,0.010038635806299726,1.0,23.194235651802302,3.0,21.465,6.0
35.58868429290356,35.64899073067265,23.432046047817686,24.084297166520667,0.8954485270697627,34.38055508385492,23.248963553634326,1.5699168556311416,1.128382816936957,-0.30573942068503546,0.7094902434696599,0.3142660889719523,0.4319251967047518,0.36531956905853274,-0.0020683730742794702,0.03359050627219731,-0.7299725959519461,-0.1427896112540956,1.0,22.626010486742643,4.0,24.185,6.0
35.92760568345096,37.64441781007425,23.244278150153484,24.81643600852827,0.9140098251517076,33.882818797466285,22.32886186642525,1.82258064516129,1.206638855558984,-0.8906105266778706,0.9183416387717115,1.2951029296454308,-0.9311876616333258,0.12873776730484443,-0.5458893475217905,0.18525910928317577,0.8346152164828378,-0.9639109511931422,1.0,25.434884156091222,5.0,25.58,6.0
35.85473382253942,36.62853618999407,23.59509986012735,24.379184064523503,0.9156836382551121,33.825076027298536,22.232042526852876,1.5329589843749998,1.39008766700683,0.5003493515956378,-0.6712315623073271,0.03492578084380336,-0.3358389670781404,-0.14433143102454407,-0.2444208171136687,0.11095621227307871,-0.2942340649390134,0.47970003742047373,1.0,24.745200189047196,6.0,24.98,6.0
35.769722096262825,35.575191877777854,23.531451946974897,24.01624434513955,0.8781636786270494,33.617490723354074,21.843840076116038,1.7575442247658686,1.6353559790600474,0.2963902469504438,-1.605261005909348,0.08242781986250469,-0.753151536911991,-0.24360069288358518,-0.2732712949264857,1.3282848516569628,-0.14261724889206753,-0.4642011183528744,1.0,25.571275957818717,7.0,23.47,6.0
35.337295569238925,36.18024844105301,23.450397044422242,24.677462398379046,0.9047087739031897,33.48957513662433,22.419267389118097,1.7032054064108124,1.1841502184512003,-0.5353214240318979,0.7703793769372447,0.5827557858010386,0.8698609495768103,0.3710543422914927,-1.0197841302276531,-0.6314631616218946,0.5902075846854915,-0.5039610209756444,1.0,26.563283002776675,8.0,25.1,6.0
36.405709907195074,35.881308137754395,24.33658222634835,24.457992589039723,0.900933358820977,32.98842128087871,22.15198639965845,1.5878906250000004,1.4499855619610356,-0.1616725786519523,0.10650532578362251,-0.1545894839131528,1.075884607528388,0.21563018331247463,-0.2433725855128479,-0.07366341560724486,-0.3927798199413446,-0.688738885181976,1.0,26.598941763565914,9.0,27.17,6.0
35.841291335792015,35.058422933234645,24.954724676488855,24.411380752060577,0.8978861767762879,32.684357857653104,21.961005937735234,1.9144883120004796,1.6766624574338433,0.32219714021137197,-0.7196914272223891,-0.21443405871186358,-0.30299693554651064,-0.0019088868191591902,-0.4301623236260376,0.17541110634291673,-0.41716478244287686,0.28284928490128886,1.0,28.16830777899397,10.0,27.935,6.0
34.98466257833463,34.04058603692649,23.922508017828203,24.19567608679391,0.8804560071009734,33.064419670253855,22.204897535891202,1.5367309458218548,1.3340696334612587,0.5889950746662955,0.654310718438726,-0.2072095635825569,0.07895273686488073,-0.2658261350963272,0.36852424758278074,-0.4425455879330707,-1.4623402715522966,0.880546431982216,1.0,28.9693784674373,11.0,28.83,6.0
35.69987045058217,33.21773140375709,24.17232322239832,23.414668414289466,0.8989662291148671,32.761626256287194,22.218543831887995,1.7332303266023759,1.56516840984912,0.17714058169422445,-0.07901648335848802,-0.18427882064394785,-0.11803397298153379,0.09422260937982764,-0.2307662636866157,-0.34556106100423584,-1.0753709172426271,1.070451620759713,1.0,29.107708785605496,12.0,29.13,6.0
34.49027118845998,33.5619338031385,24.144922431102042,24.328593322316976,0.8851591701087796,32.48756084903504,21.833778868789906,1.6852789173637377,1.544113377523734,0.4596607618474664,-0.3757546149883717,-0.09550589759045645,0.7701433863990761,-0.3637598786089003,0.24897462918574945,-0.5448668132500085,-0.23297781936078726,-0.25209491238858744,1.0,29.07506278465934,13.0,30.795,6.0
34.281558120828876,32.31934679503533,23.91467483337856,23.97238935278254,0.8919140772867594,32.51887707872672,22.058867100626426,1.4889729048519227,1.5433854577915092,-0.5446336463274553,-0.08972296653470818,-0.040554448099637874,-0.12634070558538982,0.6295393021720478,-1.1748392748936431,0.6668404445440292,-0.03210501914853566,-0.5642998803749443,1.0,32.17630771163663,14.0,30.735,6.0
32.4004018190132,32.396953184156615,23.425914487628553,23.849735203166112,0.8918748568809974,32.41682842852255,21.712829949972907,1.2316740180634325,1.2995535683573927,0.15713093177848234,0.09437280396705569,-0.26757661018476103,0.28947873586390976,0.3714091273002929,-0.4871563350070214,0.07570654506026799,-0.4002972360416642,-0.007464379977880709,1.0,32.74392064720203,15.0,31.055,6.0
33.30910082098144,32.12816355686013,23.65694479582959,23.06206134614459,0.9047831534910724,32.842729202905666,21.777299836971267,1.5100344847080105,1.5996647891396147,0.21926716171335758,-1.0463603542081448,-0.23376498361964668,-0.2625638455648085,0.20047084222125047,-0.5533981181305931,0.4038511151560418,0.022397450877094088,-0.07189790616608732,1.0,31.257029128996905,16.0,32.18,6.0
33.58045957092374,31.33085248383861,23.35877167801715,22.633497854539662,0.892831125093276,32.55376639670374,21.508972835312992,1.4481134516846956,1.7760221879848734,-0.19547734727006819,-1.6103471391979332,-0.00035839022289677226,-0.7016408048556753,0.2852583908969815,-0.6263529880578309,0.8503011396517047,-0.056595119435403574,-0.033432907337638235,1.0,32.39428555105812,17.0,31.94,6.0
31.81454513698514,31.20444868453267,23.038125384682193,22.676519474122873,0.9125125494472455,32.92019356607598,21.71108538474948,1.427410589514,1.5770075017754193,0.9585675652513792,-1.6660363171521138,-0.6331739129846532,-0.49770793715306033,-0.08859854587451345,0.2062180527729693,0.759153990427736,-0.5098311382136516,0.1327899255652263,1.0,32.109014038526524,18.0,31.59,6.0
32.19052704184068,30.027081643869007,23.434886194075386,21.613669496545736,0.9144784854110514,31.60818425456554,20.9487595362765,1.5000000000000007,1.689818688368833,0.07050238467984403,-1.4532586119447235,0.18141402893720582,0.15950401770869815,-0.12828653697881115,0.5866295790250297,0.04352977942279977,-0.004564767065538103,-0.47039942660587997,1.0,31.818608967687922,19.0,33.425,6.0
31.087864429327542,29.656815335880978,22.944274203265483,20.851659241735682,0.8880238829794713,32.83149358190238,21.941117102399552,1.5803531009506573,1.4003269993358038,-0.040610331682521095,-1.2368680437120825,0.3210790487137867,0.7599253418858639,0.13144887426260668,0.3759569992363196,-0.2327795004051487,0.5060151895051941,-0.6583976160002122,1.0,32.37946920739016,20.0,33.645,6.0
51.239302014888615,50.7644721526418,9.415692616371743,9.227391904081758,0.017732274068178448,49.4978876522714,9.55735647732746,1.0828692359100023,1.1398007472925755,-0.08042113799924151,-0.3330357294127399,-0.14285754479213095,0.19344087298311227,-0.13261328136555384,-0.15995878891548115,0.023689351106527007,-0.0815625463095952,-0.07309762815444333,1.0,21.16577404095485,1.0,21.52,7.0
33.691731199191366,34.53693434582602,24.909998828941095,25.538212883832742,0.9282567617231254,33.83418739921464,25.37249468688438,2.1142159750862723,1.604646484583847,-0.04641535948333053,-1.4518914221276504,0.8253935957581943,-1.101129961426909,-0.33564591557511847,-0.6187974669940246,1.0578370593290027,0.3478583808158245,-0.3489424456560499,1.0,19.081372556798456,2.0,19.845,7.0
33.32790437733002,34.332683791439166,25.227650684003045,25.844391216288283,0.9288797850166283,32.17139838463365,24.265061043000074,1.8595041322314048,1.2303279358160721,2.2980000606068707,-2.37029616442606,-2.333977614382197,3.731972401300751,0.5746058884680321,-0.6819129497899526,0.2668515847573106,-0.8607973543149505,-0.045850185574095426,1.0,20.15848718122602,3.0,20.55,7.0
33.88481384368233,34.286397522805395,25.398770416142106,25.725665882819943,0.9245032331953899,31.662945992515365,23.832649175562572,1.9446315294854737,1.7959500613444583,0.11813955953424794,-0.30116544721229666,0.11685873152791175,-0.1858884161288461,0.07738729194907777,-1.2973500751044509,-0.4626905015271057,0.41817644001396376,0.16567923162318177,1.0,20.672677227084613,4.0,22.345,7.0
33.94142354343781,33.77095296409198,25.475413463585802,25.341588243588838,0.9188796573852829,30.88585241459293,23.439409316172085,1.8296466532605575,1.6890777158405499,-0.15802461725454095,-0.9070231743589965,-0.2825380712628035,1.1527148465668295,0.6644934553600245,-0.19824283225415584,0.40895281122236976,-0.3264217949406475,-0.9034776315630982,1.0,21.196370857113262,5.0,25.99,7.0
34.50415017304409,32.97816393406492,26.05436391269659,24.785116276351538,0.9309511935927767,31.49295912671731,23.863761978615383,1.791666666666667,2.036513969345486,0.6957254967983829,-1.7451835822983766,0.3905877928664192,-0.7634163726779458,-0.9045234063883728,0.2865714179154451,-0.29499790647832,-0.08251059980894664,0.4693014530395828,1.0,23.52584352090051,6.0,24.225,7.0
32.91491751108698,32.66374643636689,24.699727927242552,24.541927027795822,0.9208402217767544,31.901793875160408,24.10378669684132,2.185039082474981,1.7853859591289392,0.5240826014987117,-1.7141216852788006,-0.21223370026414898,-1.8700916068255222,0.05686375982253043,-0.06470400616610898,1.5452404425991069,-0.8454156685517389,0.4162039046819056,1.0,26.11691206611399,7.0,25.04,7.0
33.10222095051547,32.81520761907144,25.034401921255576,25.38128628979766,0.924784626164336,32.02145527202097,24.23458036637328,2.0306971904266384,1.8472803865876686,0.38446384763029867,-2.264881367266583,0.545143106503093,0.20845617838567096,-0.7024674750412027,0.10555840151312852,0.5378843059854582,0.7409966327376047,-1.2004256562047992,1.0,23.597413190200488,8.0,27.42,7.0
33.395596624625036,32.24920470052171,25.063948453006017,25.04185194504302,0.9150073795320307,31.879355471829527,24.16039589071655,1.6644642344153984,1.7551654184665715,0.36015052629317046,0.3635777974413129,-0.6923967151978597,-0.3377274557369739,0.48392653116416456,-0.24860212945873944,0.6541389266893549,-1.9553325231083807,0.5875390503494856,1.0,25.865876548337937,9.0,25.525,7.0
31.758501092635562,31.763905517760247,24.270331854213882,25.187641382018228,0.9196505338093228,31.388908815526847,24.096994595473397,1.6303999999999998,1.571707122117819,1.3736926475082996,-0.6621722817161345,-1.330717834115719,-0.7725983484536654,0.33473796368971653,-0.8848720562980682,0.8684396322968416,-1.4085321879117028,1.1998115521806192,1.0,28.86276261875805,10.0,27.745,7.0
31.883153960921177,31.114797328718748,24.691911885483055,25.017130603503546,0.9336506807503787,30.520379902128106,23.50638390767134,1.584440478551127,1.2981051312849534,1.4474692159917724,0.9044644122055707,-0.8067553433944065,0.6136789302713243,-0.26434597190222664,1.3282803227923756,-1.0571945492181531,-1.9491482125713826,1.1656414118135716,1.0,26.009280075217806,11.0,29.285,7.0
31.688238222695478,30.7465125852437,24.72783267984841,25.0937424243348,0.906659892543441,30.43483303200607,23.388870998031575,1.7336860670193994,1.535131606209305,0.5717545104117372,-0.1415396819620451,-0.7126299470179117,1.6233123961967724,0.5122049280060472,-1.8652126295342544,-0.9921103746667082,0.22577836789343833,0.4333088825230988,1.0,30.273853450743037,12.0,28.945,7.0
31.092906341280408,30.376902550031247,24.107261112049617,24.78011253454563,0.9234540388752509,30.486178715713635,23.073700701911644,1.9352481733434106,1.221133443149326,-0.5235566208812242,1.7163743899350288,0.45292366405340356,-0.020668396932956804,0.431430912151791,1.0994860176814312,-0.2962048411342258,-1.3313760681386406,-0.21243378905322843,1.0,28.979554544909742,13.0,29.83,7.0
30.964098663446535,30.691102578231792,24.363882680008594,25.244800748371222,0.9187062304775601,31.80692776532094,24.296028110140696,1.9384756657483926,1.2489392081891861,-0.008878309131968047,-0.039230153870064205,-0.42653269566921304,-0.02210856794679308,0.8016857463080294,0.32036498275370173,0.8823885645817049,-1.2728524126299325,-0.09463968037450304,1.0,29.428780552826662,14.0,30.67,7.0
30.74861939983925,30.322366806653044,24.602659949029984,25.779649323974898,0.9111001536266529,31.397184557109366,23.883066473434685,1.887573964497042,1.2801895997887738,0.047721991588217584,4.184378799507367,0.02967509337529489,0.3102141239054656,0.0037614100267691366,1.080804227745676,-1.2827868361756627,-3.106248859267711,0.9736570034748797,1.0,31.94656342328558,15.0,31.105,7.0
29.47015371236582,30.4080771649704,24.22011372302351,26.095930215869235,0.9253094196796098,30.496519001867053,23.537041655947377,1.784,1.6169253843189386,1.1633624535279177,0.6198423750548002,-0.29404222558761794,-0.33824083611792793,-0.5541540162285902,0.7996099694454794,-0.22524387351920816,-1.3825425135728802,0.2755033030008624,1.0,30.260548472982283,16.0,28.275,7.0
29.86596459165642,29.679805101976157,24.759161843636114,25.567344246964115,0.9178689177453605,29.37602656595928,23.350815766972524,1.6681088876870374,1.690702938144986,-0.6878611422557561,0.09434019592167547,0.5688180015504007,-1.3916448660635397,0.6338969027027168,-1.2223887252055756,0.8749642691323124,-0.3236484592489983,0.04733612052399238,1.0,28.84713800895533,17.0,30.855,7.0
29.854321138511317,30.356857645187773,24.706098011857755,25.452908386941417,0.9126907055099418,30.171873514622963,23.147598331098017,1.7584,1.845175622032958,-0.12184569839328913,-0.036477354085421285,0.15168044997556634,0.4958588035728671,0.371417599024938,-2.7734579714424026,-0.753796889397664,1.2766339523644632,-0.10002753690649395,1.0,32.211723509471824,18.0,30.38,7.0
30.3392753585438,31.13332291888654,24.814580140564857,26.134376343901057,0.9289511285874599,29.828565405347675,22.923246104942557,1.8092718568909036,1.4966280007832071,0.2287106453817383,-0.42304949209911435,0.27615563923106456,-0.9467104850990758,-0.09563383951225166,0.154657912552191,1.059523515558372,-0.4314230429295233,-0.5925534336681173,1.0,30.325858344523784,19.0,32.96,7.0
30.60728260337602,30.432453672867123,25.657764596104183,26.20106011082841,0.9321357988998809,28.706934274043462,22.481089342700013,2.0414201183431957,1.0691133892396105,0.08748726382550427,-0.3078471414794693,-0.20541712125181302,1.196795066528956,0.670698705951948,-0.11931572686043444,-0.1902524759212124,0.10074078902343674,-0.4308127745159814,1.0,32.323008871970266,20.0,32.19,7.0
50.98655645866491,49.7505261676226,10.140868227375348,9.726225246319697,0.13146607136145974,49.68898792743192,10.755779845568819,0.9996537396121884,1.1722382446715653,-0.18397164454617368,-0.2332037222454313,0.05899865871584949,-0.06823588779154001,-0.1495006588290876,-0.04998525387496354,-0.04717996781459492,-0.0861211890752949,0.09809583368027984,1.0,22.00453811907686,1.0,25.6,8.0
37.722655582180636,39.02880027252891,22.95965278842324,23.609022653117314,0.8989658839240894,37.63664896594067,22.922100448458647,1.5817908612799667,1.315227099080638,0.9549270861024303,-1.0700236524734308,-0.11716582127621242,0.37021493132615496,-0.6013389834661167,-0.05177994748728388,-0.000251326521466756,-0.32870382049140257,0.3920563985486585,1.0,22.730060652345244,2.0,22.765,8.0
37.82584609765456,38.741711370343594,23.448094770278903,23.879778637081213,0.8840681043000278,37.03132572096467,22.879831653311474,1.4023668639053253,1.5815071172352444,0.5051801698008943,-0.31000341506394485,-0.35569214316854003,-0.9004625139376146,-0.02689093405715697,-0.7877140092153947,0.3118706083118405,-0.5080904357325288,0.6600650562161431,1.0,26.10612848107423,3.0,23.715,8.0
38.49872748385097,38.32569912347054,23.925893383112456,23.472615065545664,0.9060885045322375,36.35561812624233,22.30880670034224,1.354175164617446,1.4140717950017714,0.42730549299990334,-1.0284500948627238,0.1700626783984728,1.279901665959013,-0.4963029681681411,0.15538925523071595,-0.6299789679721179,0.5421167206778589,-0.5987363467122955,1.0,27.51238122140007,4.0,27.165,8.0
38.675799995638215,37.50022434816418,23.604763570241133,23.17504206875267,0.8881871751777514,36.48807104800173,22.135626212746963,1.6582027375520727,1.4815513723239946,-0.002527218464591005,-0.9710392818220503,-0.21122822180046422,-1.0050043384407268,0.38782392111420794,0.17081890145212533,0.9380606176130115,-0.831279375113059,0.3532134503139512,1.0,29.92713228994614,5.0,29.695,8.0
38.61503700089558,37.103658970290546,23.437669154372582,23.188037226052675,0.8910792217050153,36.24928454734765,21.94565187574528,1.5061260859879713,1.735773235960691,0.09733618563853498,-1.0683539115831038,-0.9926059848001092,-0.788350045128793,0.8893857258998956,-2.0385691696931967,1.3748156589441234,-0.8837254300090865,0.8816964815759643,1.0,32.620509382184395,6.0,31.325,8.0
37.81658112934127,36.55000994269732,23.53970092796166,23.17816611446478,0.8650619329697132,36.05359964650893,21.787722901596563,1.4304366961709616,1.3577803051042163,0.647265722625553,-1.419230655009703,-0.24575560737071572,-0.4622161700012109,-0.1913059972743692,1.266258564252943,0.8890162252637569,-1.3186162989957335,0.34775188121443906,1.0,29.596129051427628,7.0,34.07,8.0
37.150232555288405,35.715124712788835,22.948059271628164,23.103327991150692,0.8838710704406465,35.96674596046665,21.648101573317458,1.3439464815653146,1.802123446914482,-0.4895972136975382,-0.37583130089453115,0.2828479328416311,-0.6148482369030507,-0.00933458305113805,-0.60789415160498,0.18353709376242186,-0.20667603263311385,0.00860586505866949,1.0,32.46744604291735,8.0,33.17,8.0
35.25784612048938,34.72414166073172,22.06117107848128,22.22403937005167,0.8888191379619099,35.378107306482434,21.769789609234074,1.1419140300259178,1.4254346547543992,-0.07604247022914105,0.4471765310765624,0.25282415414182113,-0.34195227518121746,-0.06920981794902863,-0.307033585029792,-0.046421585951492594,-0.608312902073222,0.27593427420000277,1.0,37.11386158361226,9.0,32.265,8.0
36.29676792507757,35.20014978801011,22.38229259965114,22.98881037208864,0.8980533392868177,35.5583785358074,21.779839179588734,1.4102360642729612,1.5036534871114857,-1.3051586881140231,1.2543402662392196,0.722757461403032,-0.32404027613446557,0.4439107265183229,-0.6370650311899355,0.29494893400161415,-0.25104248382428596,-0.9133127627962592,1.0,34.28215258087468,10.0,35.315,8.0
35.75756776236348,35.06313320707605,22.291596981372237,22.889375925149743,0.9006368625305041,35.16659190549192,21.639254908044958,1.5414737654320996,1.4686553226572032,-0.7638206196448258,1.3069911778803878,0.4993457625691384,-0.3429023052060609,0.31317024706113805,-0.7167867877729378,-0.4614556094105727,-0.16078779443361646,-0.06835466699442397,1.0,33.025989827012296,11.0,33.615,8.0
35.58427910249803,34.165586560570475,22.538155300875978,22.515432585629103,0.890176761151707,35.50332530092665,21.87815157910809,1.7765202957597717,1.9416504908131644,-1.0429196425109888,2.1062597817043853,0.6900436141868059,-0.1627150126247884,-0.12734443438015672,-1.4799310668549812,-1.1912986555027512,-0.02348050870291534,-0.12341561203893875,1.0,34.4521840233083,12.0,33.61,8.0
34.73552411431398,33.000191872204546,22.450372208270842,21.56356080526216,0.8943280330215654,34.01040900308627,20.877896094557393,1.408226330651606,1.6139297401511392,-0.4071893063714268,-0.8966232282040596,0.5495994801354012,-1.254000160363848,-0.10071068625350069,0.3716612424292835,0.6482991368447766,0.5246566021768374,-0.9295795281819229,1.0,35.032450683201844,13.0,35.395,8.0
33.32632202551678,33.431319840443805,21.196846719681886,21.7889585284454,0.8970057887535935,33.35857650796162,21.04018708799908,1.484693877551021,1.3712625653343171,0.4313003601666105,-0.962115366326387,-0.5435459541958069,-0.7175875357314089,0.5470761141373628,-0.9638869930559527,0.8751366114595445,-0.5296455213228289,0.7524044152674825,1.0,36.90714879123506,14.0,34.875,8.0
33.64156685405174,33.36244891164958,21.74016088446234,21.80833419262909,0.8987012805573495,33.68942763666538,21.117986586997795,1.4161712247324607,1.4609651947547568,0.38918969699006206,-1.9531011948473893,-0.2886155110793298,-0.5244957228678546,-0.0017077328243180524,0.3825184651011641,1.7231206636605516,-0.6431269123469718,-0.5407911467399519,1.0,37.743942290373575,15.0,35.16,8.0
34.337729532194814,33.60218225745132,21.733809588074134,22.08129753031112,0.904274650816919,33.327471657598146,20.63699189468421,1.4691358024691366,1.686721994209049,-0.7229909656150607,-0.4723767267829293,0.635666996359866,-1.3071170472945746,0.18203926573222465,-1.1084003424007753,0.8463378824925263,0.31817220576731853,-0.34942571356666996,1.0,38.30078605191759,16.0,34.58,8.0
33.7319669097931,32.727719596411504,21.465102421135622,21.518344802693466,0.8798168231832417,33.10856916455112,21.29501593289224,1.3416169188763936,1.4105524577188573,-0.1581955011240748,0.6812573996255252,-0.24617542147897037,0.6731808190213362,0.4671231222247368,-0.8698461712183969,-0.4512258717908647,-0.6059694546471713,0.28681887231318925,1.0,39.03498167949711,17.0,37.64,8.0
34.07907064885091,34.20428868916858,21.98340438553317,21.766227863577317,0.8899168929319359,33.704892630965055,20.90517060513406,1.2472993827160497,1.6087275650428114,-0.012621839507759712,-0.8555914381479427,0.17289272940105394,-0.3554329038381678,-0.05572210396785,-0.6349118544370712,0.41357776506858934,0.05857139273137617,-0.12844548230877545,1.0,38.4499178627581,18.0,41.775,8.0
33.36361707293646,34.01289442197346,21.56101531619821,22.336886012607188,0.8815541737607642,33.28224482011953,20.95610644057516,1.284668793394634,1.1429658176823436,0.8683166993317244,-0.2607346251597186,-0.4776620925724172,0.2358746232937745,-0.0992985451424624,0.6427163885888121,0.05247017515100899,-1.1763391916546946,0.5440259675088961,1.0,38.807887111859294,19.0,40.13,8.0
33.217347999440946,34.209403809196886,21.672349140368972,22.24253368627569,0.8803931529203423,32.41506171995281,20.657178444095827,1.221296681938081,1.1844894047721601,0.5991758905009388,-1.0221205549739456,-0.5348509246540677,-0.005728790090515576,0.3434060257969059,0.011674370264967236,0.8324787315965172,-0.5928728902602634,0.04806482705943445,1.0,40.80068603450212,20.0,42.68,8.0
50.93214809486304,50.17126915535988,10.421323497512631,10.297389670252771,0.09310244542696088,49.13357021739857,9.74889088848504,0.8124999999999999,1.2060046050748638,-0.10366874741461907,-0.20208732004043156,-0.0025721370034535573,-0.20604435053695128,-0.1660776405291143,-0.028939867453245793,0.03459664227451457,-0.04342268700584066,-0.12519414294683995,1.0,21.86472157220238,1.0,24.795,9.0
39.57489549554612,41.17049651162377,21.829601620153156,22.399566463431956,0.8717431233391011,39.42121662316225,21.56835362568795,1.3944549464398242,1.2846282278066037,0.6321073710768311,-1.4447894263721834,0.09801932548757279,-0.35468281167741855,-0.4315096564850672,0.39491633233578943,0.9330431871039958,-0.5077483768435964,0.04048137315627212,1.0,21.412554505090025,2.0,22.425,9.0
39.55841839196464,41.29282605511205,22.05613091780506,22.311978667847068,0.8736782529370295,37.532951258934354,20.650839266226274,1.4113321799307954,1.4231714741944943,1.0695724707410168,-2.1685196564859077,-0.4137393755584188,-0.5116978812458508,-0.16956003756873897,-0.834103457600603,0.586047463334793,0.04948861009430688,0.9172548631685935,1.0,22.9598217871203,3.0,25.775,9.0
39.68846590353839,41.10259395739759,21.85217279990221,22.3134059041481,0.8920483769150908,37.855499162890574,20.789731830602502,1.3871527777777783,1.4484898832762212,1.3533237350984573,-1.4320389945213408,-1.0900449636840917,0.9992521377601351,-0.2544791039505824,-0.28667688832152627,0.009632450808738506,-0.6880926616329973,0.5681984543871308,1.0,28.149797266661526,4.0,27.26,9.0
39.95910714839175,41.5159346862861,22.124963398292515,22.319466089799143,0.8825819120580939,37.46810474702757,20.927432654588234,1.2659035466316388,1.2912060120842788,0.6500756400065657,-1.9727625942421367,0.18407501593791767,-1.518520713337055,-0.4089799847718661,0.4220061822636818,1.477693260393365,-0.29990185303645356,0.20734050740017404,1.0,29.846942361937764,5.0,29.88,9.0
40.08009635893538,40.92060251091168,22.611785516776635,22.56695543005373,0.8758131672967929,36.59062823465755,20.48114613707944,1.3420025437480807,1.3665919108045326,0.3198461011238867,-0.8371797880643271,0.4556344624390587,-0.6144601304118463,-0.6439413774511804,0.5926510739187199,0.1532607897299368,0.18833558127143066,-0.2616389499579345,1.0,34.55835307699024,6.0,33.92,9.0
40.93458720546144,41.535949655276575,22.45598916300784,22.81551462810031,0.8754926510146633,36.72271292261453,20.373576295757065,1.3946318143941048,1.2140415106237574,0.37971252276157125,-0.21920518596835875,-0.5031282629112971,0.4375128646594628,0.3179747089284015,-0.33556329759248554,0.23940707055681035,-0.4904950714914466,0.0382051298361084,1.0,33.13012644136397,7.0,34.4,9.0
40.11371539509967,41.20684877916799,22.383617572482855,22.98996321717997,0.8926201998133763,35.85004044035357,19.91422453147677,0.9676254614791673,1.1738327045240127,0.4429154380244717,-0.4307094937048514,-0.1307365098645493,-0.4284199810077728,0.02162358769238953,-0.0268621153218214,0.5588142190863636,-0.7253268100632511,0.4272429050896025,1.0,34.318994582787255,8.0,37.415,9.0
40.13152589740395,41.003368578218485,22.926902327790007,22.84606473584327,0.8791140339496525,36.55738938678262,20.365277531195332,1.4136016062198304,1.5395056756139138,0.502212068027856,-0.9928418202963804,-0.5183642118066365,-0.0915817715388168,0.19828127660688588,-1.2134613396841296,0.12265038756794953,-0.1617689530631928,0.7845391440126057,1.0,33.08744884521488,9.0,35.675,9.0
40.60791185941579,40.61462077561567,23.266119413592683,23.515133964204953,0.8785246588871441,36.599932203290045,20.61640818195432,1.3508723217178025,1.33245222776413,0.06865108197676184,0.3882096669381809,-0.3185704272373513,0.9973108595098338,0.20006859115119524,-0.8249748553948436,-0.4396342492250803,0.14301083781781632,-0.4314529964946014,1.0,32.71542042126457,10.0,36.835,9.0
39.029889078422535,39.3821765780564,22.64697440200449,23.278189525896774,0.8748074775075467,36.02408434747773,20.140764559436708,1.172783933518005,1.4622487855752524,0.5850240594941792,-0.4485495809117144,-0.14344910083988877,-0.39175961637233325,-0.656798530575991,1.1931301649352628,0.12096797029253019,-0.7818667444719242,-0.14759513770351868,1.0,33.220786700439334,11.0,38.6,9.0
38.64101744967145,38.59739704938062,22.76761926482607,23.09968220887002,0.8981559402965097,35.27519402542979,20.34404189928871,1.475761772853185,1.3897534723290272,0.2093784465558835,-0.7381940673724465,-0.2385532202183172,0.3159084680000481,-0.060920951868408936,-0.1629360263222994,0.46171059718644536,-0.30027529695710253,-0.3659117855471791,1.0,35.75116322445856,12.0,38.725,9.0
37.50818008339232,39.29267751702477,22.010405909796624,23.792352150436415,0.8968372308397196,34.08402026333562,19.59272699119757,1.5359218053240844,1.1554003410589102,0.10810619150111932,1.1937096574769799,-0.057362109375104796,-0.27067979642026124,0.16616489151932848,-0.3497297814746961,0.10103699222867647,-0.8470432453639476,0.19258223746544745,1.0,37.719224514530254,13.0,38.43,9.0
37.82235821004679,38.741602299201816,22.42963760916991,23.366909666341833,0.8773759920057493,35.179516622716875,19.805335077874393,1.364864864864864,1.2681341778643749,0.49374302913051654,0.16033406093943425,-0.25425250264972815,-0.5677075001807773,-0.25217557634727894,0.4684751776920491,0.5934898767044486,-1.4473562379056633,0.4169906106344555,1.0,37.75048205833586,14.0,36.635,9.0
38.13094589189743,38.380469031133686,23.380745792296317,23.52362294250424,0.880034318609512,34.09497619055957,19.35652175378673,1.211612089545516,1.2977467496125583,0.36648702636168484,-0.38212902458713927,-0.35545410084826856,0.1939262239243813,0.10650271770579406,-0.01774041513156111,0.05998658531072671,-0.1268919525785794,-0.20690974367753964,1.0,38.44186929119303,15.0,38.465,9.0
37.682492959538365,37.6578431641191,23.284623031742832,23.431456850743984,0.8847730751777314,33.92373584115516,19.882007455939547,1.5203981374684954,1.2545047787002834,-0.15884752507005712,-0.1383631191223326,-0.08223855506313948,0.5483426108208924,0.21139395052732768,-0.12683980219598584,0.2627123867200229,-0.7004609679513407,-0.1443447495000598,1.0,42.613358272471615,16.0,40.415,9.0
37.34448351263212,38.17542026925617,22.882935567247642,22.979535526443843,0.8781819970845486,32.839493819203376,18.794126418767707,1.3409799649707381,1.203690153260702,-0.2156775981206033,-1.1859887328756475,0.16619192550592043,-0.17370820967385747,0.43510516725280995,-0.4761415347145726,1.0814109449536906,0.5525354718623219,-0.8649959387145764,1.0,42.577167083472474,17.0,42.8,9.0
37.20553516190537,36.82462795390198,23.004457413414094,23.07785766832914,0.8720820186781894,33.91965984414937,19.268024835639277,1.1015051320540379,1.0851867986365096,-0.10821888993469467,0.15214928186825027,0.13918786331861038,0.42634199552723745,0.1904966850573386,0.0626377585358984,-0.03738309022563328,-0.25401811933054286,-0.2559129280532847,1.0,45.21171192562473,18.0,44.28,9.0
37.26497301133268,38.36562972538844,22.914423841543865,24.325888354105317,0.8850544978532203,33.7746184545513,19.274792130193863,1.218934911242603,1.0146239698514081,0.018969587772226723,1.2732614466334427,-0.1435365564097137,0.5565016917195251,0.4128388180560811,-0.5912359860750618,-0.5507763644065969,-0.35553652113286155,0.16842562538293948,1.0,46.92560760855197,19.0,44.825,9.0
37.54878418490187,37.639218394843084,22.970772747090145,23.734515482535095,0.8826166290513288,34.32540766759153,19.02799296854101,1.483555405633327,1.1527312363920403,-0.23587377068522747,0.42141289399507453,0.1334867640436602,0.07940231870701878,0.17372923067732707,-0.2951480732895816,0.14650885272052294,-0.21864303602329288,-0.3294446794724675,1.0,45.13755188437053,20.0,46.395,9.0
49.13155920072927,48.36086626625176,10.068026782939778,9.970748032194237,0.04789148508309135,48.17527169011639,10.304487042991157,1.0044444444444443,1.171266092555901,-0.00580760936364128,-0.2620396504103229,-0.02773514871381204,-0.07598976428896322,-0.04899020643419285,-0.031669448403778035,-0.04802412155140405,-0.0588088107925797,-0.1330976077031867,1.0,18.981274539850038,1.0,24.38,10.0
37.05186146204385,36.431192514509625,22.87837002794113,23.00902078891182,0.8867003571719548,36.705569881793714,23.018214241768483,1.8688524590163926,1.849105676412904,0.7501192068425994,-0.9186923838597039,-1.0006833474445993,0.46879215250114376,-0.03528697069941898,-0.9546900592381288,-0.35126946340373316,-0.6320322837719413,0.8392832109568764,1.0,21.588629179882297,2.0,18.62,10.0
36.08961023739321,36.16434328537505,22.544182846110548,23.00103544551085,0.8963851375779363,35.05537652354046,21.93872976599896,1.3488,1.3044440921646372,-0.004504429041770614,1.5931051345856604,0.09090259896204485,0.9962417713397871,-0.006781517891115543,-0.8249027185550597,-1.4196228159617728,-0.22487915044329443,0.33370243068030164,1.0,25.175815052941463,3.0,21.99,10.0
35.02988575109829,36.23674257234501,22.414251414040663,23.500488731781804,0.880780915765855,34.51632365582796,21.63697756675835,1.7278106508875744,1.4465506099367114,0.14297258332581383,-1.3263829275055836,0.6260935694884838,-1.578852847012953,-0.34001252435518053,0.017325705750369215,1.286887611843075,0.12472869352677489,-0.2914757822752171,1.0,26.498939475045855,4.0,26.525,10.0
35.68417025413711,37.19191305405064,22.63289473339851,24.101597689439828,0.8877254505585894,33.995715101531424,21.591795763230774,1.4574669187145566,1.4605877143875012,0.2560538869202504,-0.033452269413291054,-0.005294094936308185,-1.3202469418621987,0.08917930974264206,-0.8571440858801465,0.49253612446308326,-0.005027784690739679,0.2472428396069925,1.0,27.038320205954925,5.0,27.18,10.0
35.27054688287937,36.04784523308437,22.47744514514156,23.76133564905551,0.8932090938021421,34.39106610100035,22.358243029298052,1.540466392318244,1.0376878951408486,0.9740287518255472,0.9675247781564149,-0.6293420404805997,1.0493795124551477,0.027138836696378208,-0.7568310260204965,-0.4910482980427385,-1.0269913464686233,0.7810579652457127,1.0,28.13517870326866,6.0,27.07,10.0
35.99078471693318,36.55125263778635,23.8906424512894,24.585231600448015,0.8870626646189992,33.3811373883701,21.986184906740316,2.020938782034205,1.2312839727287874,1.1466138925835307,0.6600901372264342,-0.8666986734632953,1.7123471994221953,-0.34358195575727724,0.8337928941576663,-0.7610989904781132,-1.5266165431014056,0.14580584844547037,1.0,27.52722171642836,7.0,25.7,10.0
35.90722503272728,35.03029334984442,23.72453326208936,23.979554774891216,0.9027170386500646,32.06228277472908,21.49153453970297,1.9805901087675013,1.9722448414796236,0.7242565514461797,-1.672436150611202,-0.8220509029755972,-1.1874812575450513,0.00576510851752134,-1.2986510534632822,1.3331481755171137,-0.5548077051963645,0.4517051850005684,1.0,25.52064992105022,8.0,26.485,10.0
34.900524006043405,35.09686164586546,23.783294853738248,24.28119439735673,0.8934857934674948,30.948605956175296,20.656022193092316,1.3913166374583068,1.4009651053639018,0.34489685779991086,-0.32164440059699934,-0.20007132931265065,-0.44725913136846585,0.19954178986732343,-0.8561183617413518,0.3784856048589831,-0.21762510975696067,0.3039701810934624,1.0,28.815253940817378,9.0,25.07,10.0
35.64005918469141,35.90240223839152,24.54291966104793,24.36474382733246,0.8986070655704116,30.422279797940437,19.96139847568515,1.7758538014811651,1.4947597174521134,0.22588966290973247,-0.7998789951513949,0.21132299321361556,-0.49094695917229797,-0.01447590606126296,-0.8173250684274516,0.059534639754914735,0.41300438053088284,0.19512086213726604,1.0,26.022843346701382,10.0,29.215,10.0
35.00447242016541,36.206848245429114,23.241230360045336,24.13891444294056,0.9139544089399835,30.838535165471782,20.534950134419603,1.5137741046831952,1.44219114153462,0.18838417811493838,-0.2678475632639624,0.13010179950313686,0.4719539491096887,-0.04128785145056932,-0.9761844478135233,-0.19670815022300023,0.4580159627379103,-0.3167037462474088,1.0,28.88368713163914,11.0,28.02,10.0
35.36593347135767,35.981366529162955,24.07770370174564,23.92571729613525,0.8957027711646144,30.594533703026762,20.076238590541273,1.4394820791893421,1.551045528198146,1.1728787413205903,-1.612278124708466,-0.03513421361859237,-0.0675312292203517,-0.984015770758843,1.3558858597856276,0.33588147389076023,-0.5148897148740139,-0.29039449469227496,1.0,27.045286161228233,12.0,27.49,10.0
35.88832774758937,36.02635546628924,23.837536918804766,23.488335269423924,0.9045969487709082,30.562704828293228,19.815575203639042,1.5410899653979233,1.5673636941538343,0.7948089478082275,-1.2642771908519406,-0.2570196880351562,-0.6178961002043453,-0.29666311095028025,0.07500714574930696,0.3900819632787669,-0.9795279726091566,0.9723722575122347,1.0,29.781524822131956,13.0,27.87,10.0
34.85139143546225,36.872013197151816,23.069862406914424,24.409761499110186,0.9056614160654454,30.72140082414541,20.283278445585818,1.5520805583675201,1.1253395985501726,0.9681543044734567,-0.04391494230582516,-0.741312874341361,0.96456633634888,0.11415906003931575,0.08663257254927145,-0.1197980178959629,-0.4000448514977211,-0.2523031819261097,1.0,27.329170132445316,14.0,27.51,10.0
35.64309128065183,36.02182670367411,23.298337283439952,23.76858856730497,0.873312157184756,30.5024707426473,19.660403372663687,1.5552034605905147,1.200703805995227,0.05206029321223548,-0.7649596847487982,-0.43445410764718834,0.1416487885679979,0.8801106101232984,-1.1723943396300376,1.0405336925041615,-0.363171801198158,0.09404214152978438,1.0,29.90263282613188,15.0,30.645,10.0
35.09477156579932,36.70678200722714,23.38041674889711,23.957670104840762,0.8884268054124831,30.823467645703314,19.637667221295924,1.6978774052767303,1.3274411242267103,0.9186176732015006,0.15979470159468387,-0.6905370533378825,1.6686822603250335,0.08104128180711512,-1.3842320347997297,-1.0153874567295869,0.09511490997534976,0.3397736914663608,1.0,29.295520313253427,16.0,31.83,10.0
35.25471706970808,36.66490162128251,23.20216591198753,24.39626180045216,0.8822793250457366,30.283473448172657,19.157495128438416,1.5897491349480968,0.9335085639477166,-0.15043274372730217,1.233857591363816,0.1574657484982145,0.44228954070762005,0.5869482322903107,-0.9530672305936461,-0.34754145690124216,-0.15692747751990588,0.17481265003807803,1.0,29.744711726461347,17.0,31.155,10.0
35.56465989974297,37.364121977552166,23.095101210563264,24.858801276523607,0.8987007815366538,31.233139819083227,19.623380616369236,1.5673627072228469,0.9622198253716612,1.3083571774880125,0.18664856002126815,-1.3504864082140478,2.211942788827445,0.2770241544506561,-0.4038004220538486,-0.5239553924153486,-1.3365306677253317,0.740193279529685,1.0,32.71182255219601,18.0,34.4,10.0
35.31383126244161,37.08887330878089,23.352518698930005,24.76552726348536,0.8952836187515675,30.849662152596725,19.907145516484377,1.4387755102040827,1.0984217941185814,0.6446536641149055,0.49487643614976795,-0.4445625297796841,0.41747942985178166,0.12990775774584307,-0.012337481208714715,-0.16530083053626093,-0.49681339454317913,-0.022070933489399775,1.0,34.857158948185784,19.0,34.45,10.0
36.45570523863928,37.40243124673535,24.36187779683803,25.15703426652843,0.8972125114720111,30.926570285097384,19.870745071081075,1.6681214044832369,1.4786570582864846,0.9536202076792258,-0.22557950299850626,-0.5312339056316268,-0.16491984440509722,-0.3589506761887176,0.3947575957852826,-0.0525846985428181,-1.2199939250411505,0.6633288080441314,1.0,35.994349162173016,20.0,38.635,10.0
