MeanMale,MeanFemale,SDMale,SDFemale,cor,MeanCount,SDCount,is,int,BMale,GMale,BFemale,GFemale,BSperm,GSperm,GMF,GMS,GFS,a,MeanRSC,Generation,MeanMates,population,males,females,offspring,offspring_desired,offspring_realized,offspring_dropped,Rep
50.002141272112205,50.00877582878509,9.999927574510444,9.807208539561183,0.01835112284453773,50.39254964639713,9.746530458151428,1.2219611640347257,1.1509277814758034,-0.07021866998953091,-0.3733735681456773,0.02681325827798406,0.0736862373956509,-0.2246631189666012,-0.003960420526691337,0.00695042152029513,-0.042382299821380615,0.003599987926043611,1.0,4.041,1.0,3.244,2000.0,1000.0,1000.0,1836.0,1836.0,1836.0,0.0,1.0
50.61119307116748,49.83756679248453,9.814891657748303,9.976118506534934,0.020838652125693788,49.97144677955261,9.734993394213484,1.1299974843483742,1.2565164598199166,-0.08807147969150082,-0.3973715125349555,-0.012647443995487284,-0.11000586905115915,-0.2637168597506854,-0.005390974831594806,0.029751148143230984,0.06770928428926894,0.027011987916180886,1.0,4.254148465982321,2.0,3.338,1000.0,500.0,500.0,918.0,918.0,918.0,0.0,1.0
50.4634904504893,48.76608310360012,9.786888162393995,10.260705435592497,-0.12114955082503004,48.936670109520854,10.186781209910386,1.021276595744681,1.1380875544803775,-0.160266144987165,-0.27641616104560257,0.012933303673798175,0.04088277147191267,-0.1622457244854144,-0.03034584087158662,0.032505746531598774,0.00819485214920891,0.011874302372162747,1.0,4.24245799537327,3.0,3.564,1000.0,500.0,500.0,940.0,940.0,940.0,0.0,1.0
50.07542077724564,48.707463836450415,9.757333975755563,10.055999535681249,0.06075845901033379,48.61044804885981,9.928896363112992,1.086662083828775,1.1228475069084662,-0.11696331958695354,-0.32079105997435947,0.006817386727897972,-0.018628537638360664,-0.1920164908560733,0.08150036927125241,0.03488006470983841,-0.05040432517534971,5.6096868371986534e-5,1.0,4.2741321351154955,4.0,3.358,1000.0,500.0,500.0,928.0,928.0,928.0,0.0,1.0
49.83518881284103,49.477693731100814,9.465406534349295,10.13634787637917,0.015752224140716548,47.62761216953909,9.73323630657922,1.0248922492512222,1.095747562495873,-0.05581302376307241,-0.1937886225211549,0.05977127830268649,0.04790936376275969,-0.2232787303421694,-0.05221237451294189,-0.0704684620975553,-0.05362834321112401,-0.06435196822223753,1.0,4.4343661415179865,5.0,3.518,1000.0,500.0,500.0,936.0,936.0,936.0,0.0,1.0
49.730437044940345,49.61567840768918,9.520322941458002,9.855166722478069,-0.029767708671508145,47.55214508283959,9.433767470980653,1.205408378072584,1.1455083891639768,-0.12235771616826284,-0.29960549227908867,0.10327163600696454,0.04352097679692738,-0.23903327027464671,-0.037877323479129414,-0.020328556517931452,-0.029269100481482572,-0.06571701376576122,1.0,4.482749888596052,6.0,3.484,1000.0,500.0,500.0,942.0,942.0,942.0,0.0,1.0
49.571680247213024,49.319244907771356,9.181753988761427,9.518709749465685,-0.01835897405411756,47.1394822725085,9.117556033849446,1.064998279168101,1.140061657981647,-0.1211316393999627,-0.32226477825491573,0.06545453129031781,0.015964354583911863,-0.13113149161144166,0.009793542106479659,0.012920881080854079,-0.07940706257093016,-0.035527309213232675,1.0,4.462791565016967,7.0,3.59,1000.0,500.0,500.0,946.0,946.0,946.0,0.0,1.0
49.383242093564455,48.8124216629314,9.49884971012148,10.204839549808483,-0.01078404319056,46.88273334206741,9.39068614154,1.0909098933691124,1.1474054999581091,-0.10963732302777117,-0.33294251735313835,-0.01717837586538647,0.03581915148690156,-0.16857263523541255,-0.0068388691053061935,0.05721521212668123,-0.07032230035930373,0.02459300946599687,1.0,4.63435330662952,8.0,3.59,1000.0,500.0,500.0,952.0,952.0,952.0,0.0,1.0
48.98135072778943,48.80164594748493,9.66320171318677,10.245968473077316,-0.05466970058971393,45.69935439169719,10.034978422130997,1.1747522263717325,1.1137132641413041,-0.08871333550894077,-0.2928351488346004,0.07518505007552441,-0.02699402072607639,-0.18067252411502915,0.07831057817753777,-0.06655721142467265,-0.05048976595985446,-0.011623342375698118,1.0,4.695056392770475,9.0,3.566,1000.0,500.0,500.0,944.0,944.0,944.0,0.0,1.0
49.019043041999815,49.145134820734036,10.104170542290477,10.656757092189688,0.06799777971716688,45.30828704088158,10.516512290202243,1.0332024354845033,1.09313855550191,-0.019452080169155138,-0.29463153972553807,-0.03346595385633538,0.07273346566418476,-0.17851559171733763,0.039693123088094494,-0.04205843817318571,-0.07482933055992236,-0.03688788351841009,1.0,4.760024807861466,10.0,3.64,1000.0,500.0,500.0,958.0,958.0,958.0,0.0,1.0
49.1498658167376,48.861024539432705,9.746471989815612,10.484684360290249,0.03328321651529722,45.222223146757116,10.51506622618872,1.1060161392801728,1.154037330029851,-0.1215143638461791,-0.22248082696427834,-0.007400039979820039,-0.028426292043517754,-0.12337897005967445,-0.05895698670213188,0.015175319285134945,-0.12368610662526194,0.05829987844116068,1.0,4.705721403434159,11.0,3.662,1000.0,500.0,500.0,962.0,962.0,962.0,0.0,1.0
48.79782162763409,48.51715325154981,9.787882916326827,10.051378546389326,-0.02302782294108988,44.88843385759976,10.215516519240902,1.0789931302835698,1.2043462652486556,-0.09807658672061514,-0.30778501082704257,-0.050674776969945684,-0.0343121675820429,-0.1604076920750797,-0.07602364916784486,-0.049667693128508834,-0.04310321447445493,-0.005351410065894609,1.0,4.725813657895565,12.0,3.636,1000.0,500.0,500.0,964.0,964.0,964.0,0.0,1.0
47.83447016303941,49.65284362945814,10.128026216648538,10.397691417616581,-0.05547199300490375,44.956772752385476,9.962919785301688,1.1286207694635835,1.1985501854183436,0.0038599193989231734,-0.3655667304039088,-0.05954627900556383,0.021717969222518584,-0.17390381091257837,-0.06221589321527913,0.022806972425681797,-0.06373045268677249,-0.043387066782710135,1.0,4.630926889891543,13.0,3.588,1000.0,500.0,500.0,948.0,948.0,948.0,0.0,1.0
48.179214092817475,48.42897520661305,9.816605482902297,9.774327596747124,-0.01528124070791024,44.38488403675035,9.628938149377204,1.1550811449221488,1.1396563264863295,-0.11543465130956253,-0.26929563999270467,-0.0030081469676039923,0.009970175160812205,-0.18262803244628775,-0.02472124218657548,-0.06373362084426754,2.016283653555831e-5,0.018725711509568147,1.0,4.581985302048635,14.0,3.594,1000.0,500.0,500.0,922.0,922.0,922.0,0.0,1.0
48.12358286287233,48.88970921646969,9.627231045336737,9.826605521613548,0.03410331621788964,44.17495868270681,9.774786258038915,1.0985202230583175,1.1400400291150756,-0.05118593842085905,-0.2815042132743808,0.0217453565108007,0.05020595110482503,-0.12343173842651628,-0.059602505639917,-0.012691398484473296,-0.04162090721876886,0.04815035040053434,1.0,4.754204546475332,15.0,3.734,1000.0,500.0,500.0,976.0,976.0,976.0,0.0,1.0
48.53938125236629,49.02934645370182,9.446700089843905,9.657517296966727,-0.00276134224729889,43.99889987576149,9.792159074454,0.988533002120266,1.0905086412454115,-0.06751623854867966,-0.3180213977814923,-0.00401702858699161,0.06597955441023332,-0.22958493627489787,0.06554868470142011,-0.02082831440779853,-0.0623452778541836,-0.081195874391992,1.0,4.821690269286467,16.0,3.914,1000.0,500.0,500.0,978.0,978.0,978.0,0.0,1.0
48.103230045592284,48.4054170579268,9.790907019467408,10.27009075462017,-0.020292222445139518,43.67882481459627,9.519345182520173,1.0228128336236444,1.2028059883180935,-0.0244034883842443,-0.3301668805733035,0.05659644761669464,0.09191548353808277,-0.09724583546874473,-0.16278316950865623,0.0496699401726037,-0.029046271453535163,0.018196988207033332,1.0,4.876528783540676,17.0,3.784,1000.0,500.0,500.0,962.0,962.0,962.0,0.0,1.0
47.61344628048552,48.66755442136104,9.940604403745839,10.656239451951413,-0.03068293858582681,43.061870688417976,9.937340824162858,1.1168859760537857,1.1599430792534575,0.01007033632232847,-0.2467840441553534,-0.06682697257925187,-0.039533032049072894,-0.14000256468742597,-0.03561561344115382,-0.04935692476165422,-0.02709016630782511,-0.011661297872382154,1.0,4.88532975226193,18.0,3.934,1000.0,500.0,500.0,972.0,972.0,972.0,0.0,1.0
47.1954524374493,49.15474166072564,9.867642966401394,10.77932808092927,-0.00011228628685202492,42.85234862954745,9.392171171199713,0.9909312604785858,1.1111214733228487,0.04653135935469056,-0.27353257894067723,0.0016361380350021363,0.0019120610216139553,-0.09502197714505323,0.057369149723682365,-0.03556208358103069,-0.05981571415801098,-0.05732004096556399,1.0,5.01142576898782,19.0,3.822,1000.0,500.0,500.0,972.0,972.0,972.0,0.0,1.0
47.48059014879716,49.19422004831161,9.783348570818932,10.620358951758211,0.06784994391434203,42.071683084359755,9.82367090138759,0.9655286287659405,1.2074611823546317,0.05729940376411388,-0.32675029026430874,0.022325062366619294,-0.013288651393194073,-0.18138635692816724,-0.08537210036984397,0.06765636974110228,-0.06243055021488934,-0.10064523338598735,1.0,5.011138246174308,20.0,3.84,1000.0,500.0,500.0,972.0,972.0,972.0,0.0,1.0
50.09892208443039,50.25317783556215,9.90538869200575,9.975930231830336,0.021141673958980183,50.55269633539568,10.153353980405488,1.1176682323716105,1.1872521196701038,-0.10615718078937747,-0.3728159728463081,-0.07090844325923414,0.015514104296299895,-0.17833092866415934,-0.0134549994488769,-0.009497860452282859,-0.09657256194637756,0.07976019685822189,1.0,3.965,1.0,3.134,2000.0,1000.0,1000.0,1838.0,1838.0,1838.0,0.0,2.0
49.8072882609312,49.84003876778607,9.993103411617518,9.913534195452208,0.05834250545183747,49.8796410506297,10.457679118599945,1.1161085611837374,1.1768454635531347,-0.11141209749834047,-0.3292594069050293,-0.048651576707212964,-0.037899048067324775,-0.1839826954143709,0.005356003637914442,0.02504841435703025,-0.06810267944989835,-0.006894810447230243,1.0,3.9389058641032872,2.0,3.258,1000.0,500.0,500.0,934.0,934.0,934.0,0.0,2.0
49.63357976300793,48.90513774989603,10.006884445847819,10.00142019789486,0.039110404065090525,49.41611840435569,10.348290420171331,1.1652878223391032,1.1900982652272893,-0.1830916405287658,-0.3499895936291197,-0.06339025921513328,-0.05441493522297869,-0.24120491672969605,0.012916097794003756,0.09162700824278285,-0.0170600472614046,0.0022570855195908034,1.0,4.090802882576667,3.0,3.31,1000.0,500.0,500.0,936.0,936.0,936.0,0.0,2.0
49.65697033728503,49.52229849219689,9.576334803882894,10.098600470235203,0.06891016602210213,48.95102654074467,10.543134622863635,1.1597865622691406,1.2008390138981386,-0.10831494380633078,-0.2843061384077623,0.018745201036944072,-0.0289124730978267,-0.16177503154868705,-0.09861059440504984,0.006045100747252094,-0.06884200268458109,-0.00053614219669775,1.0,4.060816055737338,4.0,3.318,1000.0,500.0,500.0,922.0,922.0,922.0,0.0,2.0
49.97024125194881,50.05488095342087,9.513421406326824,10.342032312901637,-0.01982353886315418,48.59068357459523,10.42381672541974,1.0198175974028951,1.1317475189137116,-0.11204315947324792,-0.2634387004419326,0.0008511141255207014,0.04054616707861171,-0.19172721520192187,-0.0381409736710997,0.061857193713340364,-0.08144243016400157,0.07185639150275308,1.0,4.272988223210129,5.0,3.418,1000.0,500.0,500.0,934.0,934.0,934.0,0.0,2.0
49.156271657975324,49.77457687134332,9.868657616843379,10.517405402622975,-0.07377525025421544,48.20351824766129,10.553755825055957,1.3556896496384503,1.091177294188724,-0.10983176873902177,-0.24986537487886967,-0.045922577349609604,-0.03174934262386952,-0.31240739269434264,0.08843364035580865,0.023189746266746844,-0.03293454892329179,0.07367946871709284,1.0,4.315096842933524,6.0,3.464,1000.0,500.0,500.0,934.0,934.0,934.0,0.0,2.0
48.77426074717643,50.724907729433404,9.588384085542778,10.552286544060511,0.045913803472888204,48.00853932808429,9.956631767929375,1.1440443213296407,1.2837827065779415,0.04261185274325632,-0.3482029189880071,0.06253254797658588,-0.09003238225268961,-0.2178402668059484,-0.15138480089679446,0.0619708314315783,-0.10099044308308461,0.01352013997246305,1.0,4.413129317575183,7.0,3.468,1000.0,500.0,500.0,950.0,950.0,950.0,0.0,2.0
48.50639248987922,50.49962603260452,9.72941301439481,10.583340046321792,-0.01305783686484076,47.01147800107044,10.055137652250021,1.0026392910105217,1.090798780038172,-0.006903430300095905,-0.3090767732105666,0.012887120823294606,0.022573146030527107,-0.21900338405146702,0.10102965640393785,0.12756982107852333,-0.06711025330997177,-0.08107570274790254,1.0,4.4753283281568335,8.0,3.482,1000.0,500.0,500.0,952.0,952.0,952.0,0.0,2.0
48.20174457216913,50.115285679852406,9.666738609686584,10.459815530214007,0.045817551992795115,46.57869992934382,10.149471320207066,1.1066019192970278,1.2341850069440758,0.021436924979480756,-0.33561497453976635,-0.10705191546798067,-0.07950302111247613,-0.12813358100301442,-0.07671959321585999,-0.002578956867170375,-0.13537521981444217,0.014374198109352547,1.0,4.540834172193151,9.0,3.552,1000.0,500.0,500.0,930.0,930.0,930.0,0.0,2.0
48.52153813149148,49.85251103851571,9.58341304644306,10.283384270894821,0.018527932593235298,46.67387944835167,9.717868868140837,1.1424739441237295,1.206522259370151,0.01861466560346718,-0.3427875976918799,0.0023082604562783193,-0.06962841476041613,-0.1437752324906238,-0.02733103117378484,-0.03292384470496223,-0.10091736633178586,-0.061316758673176874,1.0,4.611493671403815,10.0,3.484,1000.0,500.0,500.0,934.0,934.0,934.0,0.0,2.0
48.31345680820504,49.96915775879376,9.904847322083437,9.990774341089105,0.004211562743334843,45.99213791523707,9.782966691187415,1.3097139843292556,1.207767838816749,-0.020171145939625813,-0.3920129991875051,0.016080359609355534,-0.05386375709250827,-0.2702208130633052,0.01887181811800861,0.0070083326164052506,-0.09010711905558919,-0.0007694647974007916,1.0,4.550041250591356,11.0,3.53,1000.0,500.0,500.0,946.0,946.0,946.0,0.0,2.0
47.957418104451705,50.72780056847061,9.634660780368128,9.958508790410384,0.015071769644648597,45.09715474713666,9.597546454964993,1.2065107087539395,1.0599261395837796,-0.016110121470150136,-0.25040685331024914,0.032701429011818516,0.017854009371073197,-0.19895607505128465,0.10307743316903349,-0.011960439435062826,-0.11070152774471032,-0.06105178203790796,1.0,4.750677069183468,12.0,3.69,1000.0,500.0,500.0,948.0,948.0,948.0,0.0,2.0
47.7198947633418,51.21240548735273,9.247381599021999,10.175182049646093,-0.014941323878012556,45.51984610622561,9.617840176593674,1.0173252640322779,1.1945788063656704,0.12316827763300078,-0.23562803571182672,0.009147808006458931,-0.027007453558033682,-0.04887683459411709,-0.13164371792862808,-0.01866398607756469,-0.06503053602067171,0.005863391601105305,1.0,4.863364219896192,13.0,3.53,1000.0,500.0,500.0,954.0,954.0,954.0,0.0,2.0
48.72142866120066,51.28028580440963,9.434385687807135,10.390378471477819,0.02995045640973118,44.91904373715475,9.420746009893522,1.0001877271162882,1.2189976811464458,0.032221392105659816,-0.34088143481947913,0.06251910391422603,-0.041554401669716357,-0.15958844405616424,-0.0664375581256372,0.017515042729334927,-0.13104995071575598,-0.003135874100190784,1.0,4.866267906602078,14.0,3.568,1000.0,500.0,500.0,946.0,946.0,946.0,0.0,2.0
49.31656101462405,51.68616423224282,9.642146217073329,9.78474343833206,-0.02989787968242085,44.77707729885329,9.241805631153337,1.1569502481507021,1.151737197959238,0.08115219180766345,-0.4345709300959222,-0.07450985450903966,0.11030499434218577,-0.18126367209738603,0.00042118617034001476,0.08538675726939589,-0.08934935462004735,0.051593604428594446,1.0,4.886651197235658,15.0,3.67,1000.0,500.0,500.0,942.0,942.0,942.0,0.0,2.0
49.521853475348756,51.522228312601584,9.815680526509974,10.442426103506271,0.03131689609045893,44.129048234911586,9.842379334071664,1.0979912849399514,1.1575068882087303,0.03387376689382712,-0.41873624621615624,-0.01952090859154216,0.018231928543149423,-0.1695450752105664,0.07790171554584477,0.010335330913278044,-0.0673259612402678,0.07815018941400788,1.0,4.856672869962978,16.0,3.754,1000.0,500.0,500.0,970.0,970.0,970.0,0.0,2.0
49.80773862143161,50.91048325596478,9.70359309679902,10.343625151319468,0.03435763504936828,43.579827436820196,9.73151582861374,1.1045830353670325,1.1620992881361834,-0.0009057533204789508,-0.4180208911146362,-0.030976113536575988,0.10881616333782856,-0.1290676516625893,-0.03147017792888088,-0.03667718985813682,-0.10154031635786927,-0.003810426003303963,1.0,4.877252559615693,17.0,3.792,1000.0,500.0,500.0,978.0,978.0,978.0,0.0,2.0
49.45362765856882,50.961869607643266,9.578124322695936,10.140951972762728,0.058662765822197496,43.38743617239288,10.075769523801378,0.9806708995898183,1.159492051445651,0.03163065692033501,-0.3194544080918642,-0.008230893810136615,-0.012721655718782917,-0.11295161577700207,-0.007488007900308434,0.010402630443172804,-0.10753170598203937,0.025848067585047936,1.0,5.094867809183786,18.0,3.75,1000.0,500.0,500.0,962.0,962.0,962.0,0.0,2.0
49.53446093822157,50.67132434109813,9.589624243232201,10.362049186794058,-0.024350147144546523,43.63357482208882,10.597942128049956,0.9573957059967982,1.1161365937740768,0.014428365854178508,-0.3148130916002627,-0.022424893305201574,0.05150679904152301,-0.1646194073529651,0.02813083361213068,0.01473765757935044,-0.008715012044565616,-0.019687615728617002,1.0,5.099363946821304,19.0,3.836,1000.0,500.0,500.0,964.0,964.0,964.0,0.0,2.0
50.118237230450376,50.448316874813194,9.945527514708818,10.36115569252719,0.009198378720110478,43.56284195740413,10.332417597664458,1.097834002269302,1.076271931056875,-0.06884275054890696,-0.2958735766334479,-0.02782742440769349,0.02598299281203033,-0.2330293127224097,0.10879238904554854,0.0792929120541663,-0.03586615227058969,0.06524517786211553,1.0,5.103297934930285,20.0,3.87,1000.0,500.0,500.0,972.0,972.0,972.0,0.0,2.0
50.12578143486876,50.02801186742812,9.736231926128832,10.239669058247719,0.023258912798781593,50.053482717414546,9.927847152671466,1.119790514819711,1.1191082544770938,-0.11781832204461515,-0.2602493303374181,0.00969105636180546,0.024963222610192043,-0.2779152337814942,-0.0031306336935503754,-0.021656090776281785,-0.016385792906650726,-0.008093760517319542,1.0,3.934,1.0,3.208,2000.0,1000.0,1000.0,1844.0,1844.0,1844.0,0.0,3.0
50.06563193306663,49.78667854101262,9.931577186120213,10.781048315843325,-0.039256183882115436,49.79472607434983,10.096180705619377,1.1905155187226175,1.0528393173621315,-0.19196568287854301,-0.2801423438237788,-0.04624797172541119,0.16635330371763268,-0.23892657629603423,-0.014851365174046238,0.030082392634184586,-0.00581099615646616,0.13129586782435107,1.0,4.007233418532919,2.0,3.362,1000.0,500.0,500.0,918.0,918.0,918.0,0.0,3.0
50.11238599641779,50.38391607341523,10.063086600433094,11.052956991850404,-0.04331787133911215,49.36327474840221,10.205998609608187,1.02717510409818,1.2651149701088065,-0.1567239373854121,-0.3403351010769965,0.012321012744166498,-0.053060867842504654,-0.18660060683095137,-0.13447830093902866,0.06383641692962702,-0.038791302962057087,-0.02334062462110935,1.0,4.004282991934414,3.0,3.338,1000.0,500.0,500.0,936.0,936.0,936.0,0.0,3.0
50.09680012155349,50.32068390495076,10.133682393751208,10.507703385459415,-0.08926961587959023,49.350400489033035,9.88040714851957,1.1275028090405048,1.19636854532453,-0.17877114841625158,-0.4180378990252861,-0.049661400759797504,0.008894254182487151,-0.19844794621102432,0.00999169921974822,-0.020535470454716445,-0.03053633070308113,-0.04561642914156342,1.0,4.028737795852546,4.0,3.184,1000.0,500.0,500.0,932.0,932.0,932.0,0.0,3.0
48.93179261765308,50.245520287958236,10.186159320556301,10.4967649481544,-0.0076242216713859196,48.65176095880452,10.031090026975848,1.3739133839768196,1.1216059143658237,0.02953779987492695,-0.3798013258387184,-0.05001625176660539,0.09553174496269218,-0.23367094856303092,0.037679679955796797,-0.013738046434499326,-0.025913237281510307,0.012891568051504643,1.0,4.105936195184548,5.0,3.216,1000.0,500.0,500.0,904.0,904.0,904.0,0.0,3.0
48.66034860073161,50.9986378782777,10.287057636107148,10.585936933550702,0.004995422552568462,48.37686914376407,9.624606449096252,1.1757172530480677,1.2108964452681348,0.11237548634895847,-0.3226545141106786,0.02103829539210887,-0.02686805726865351,-0.10018812859577399,-0.07965747590411194,-0.03958355973671496,-0.0689347931262462,-0.028167644880505233,1.0,4.134684639254654,6.0,3.36,1000.0,500.0,500.0,934.0,934.0,934.0,0.0,3.0
48.7622458982626,51.07878893481767,10.037659087446286,11.131186361555761,-0.06880891933492958,48.03451749967129,9.680712948643102,1.077828376529675,1.1132815569043863,0.016848677811702246,-0.3244569244421668,0.019800642574419103,0.019152264040410743,-0.18949433248433592,0.0670388070551996,0.02148104184652355,-0.0886534227128343,-0.005006873213603224,1.0,4.174947693015604,7.0,3.42,1000.0,500.0,500.0,924.0,924.0,924.0,0.0,3.0
49.02463840221369,51.416152872915525,10.126893550960169,11.074012697792517,0.017096352552073917,47.524889313971315,9.751828509418662,1.0094808648398652,1.1868025922646266,0.05033748971286764,-0.3752690628036095,0.02482263889177021,-0.03813585615560191,-0.17421823776307047,0.03647753010780013,0.04258900066114167,-0.05916851474976363,-0.04341919584082887,1.0,4.147258242817938,8.0,3.358,1000.0,500.0,500.0,930.0,930.0,930.0,0.0,3.0
49.625061886978216,51.63678793469217,9.513283085188728,10.725750066402874,-0.015569967019561565,46.7638797523346,9.923405896763255,1.0875997457806652,1.135280129539366,0.016348281586377664,-0.30371416306025306,-0.03856826505209582,0.11403056972074938,-0.2578471542338796,-0.09894661500876287,0.01973571479724502,-0.09644491346848039,-0.03671887432021944,1.0,4.258095499478292,9.0,3.636,1000.0,500.0,500.0,952.0,952.0,952.0,0.0,3.0
50.18699384973809,51.99600688667265,9.533072621621857,10.488607657288284,0.026742658702808286,45.97730332817747,9.904381933377538,1.2097484393579072,1.1348295592946986,-0.011845017368800887,-0.34673651330692723,0.0014825399124082622,0.03172732184932887,-0.2409069647323754,0.0009698846769786029,-0.0024563487885373766,-0.21587178727818576,-0.027265328592630474,1.0,4.271512188895248,10.0,3.392,1000.0,500.0,500.0,928.0,928.0,928.0,0.0,3.0
50.39523801221714,52.29458354784341,9.488711123272607,10.662939552609993,-0.0126715818102733,45.03477583296169,9.73055928304916,1.1411731825947407,1.1942619494827589,-0.013071361387467478,-0.37177603406548837,-0.07576897289168948,-0.030551439057677345,-0.09425100076480052,0.005453606208540805,-0.016190562438880746,-0.032191634753035374,0.06140916079568982,1.0,4.390714356378038,11.0,3.478,1000.0,500.0,500.0,942.0,942.0,942.0,0.0,3.0
50.44797755252611,52.20017722183063,9.641822188011753,10.301256626922912,-0.03891305260574658,44.792785214307585,9.634087575353261,1.0905899885090493,1.1676034678175877,0.010955897108683827,-0.3639721588309745,0.04688076617242331,-0.04182639385674539,-0.20021836701478524,0.050684041799267554,-0.016506091998598288,-0.06839784936661521,-0.016219286060102412,1.0,4.5604935918920075,12.0,3.59,1000.0,500.0,500.0,944.0,944.0,944.0,0.0,3.0
50.03204814947849,53.144247904026386,9.761263933746386,10.284430127352541,0.05073087114890569,43.788085452978926,10.001588446443565,1.0601769444774078,1.196326141095854,0.029935955576637155,-0.3827503139787757,-0.03112715415372839,-0.004388103423218335,-0.26568295401642267,-0.046112139243437184,0.02939985047321931,-0.11264907639056522,-0.022850471283536507,1.0,4.623021606618777,13.0,3.546,1000.0,500.0,500.0,954.0,954.0,954.0,0.0,3.0
50.91229646255015,53.20116981200094,9.793063838359485,10.56741613138753,0.15580518888098766,43.0189697263081,9.713845255990334,1.007684959867912,1.2353923366984882,-0.01088134415335059,-0.3664914866623038,0.018001533677562607,-0.0034783576337391454,-0.14608903990725003,-0.09483731402652536,-0.08312964238715237,-0.07805618167747985,0.07126287883190338,1.0,4.5679681508822645,14.0,3.724,1000.0,500.0,500.0,962.0,962.0,962.0,0.0,3.0
51.01066213866876,53.02682982011441,9.485359007013384,10.860374813896776,0.03953519877667567,43.011961737517794,9.624123199769562,1.1242691837847822,1.1256552992441238,-0.022656194676916912,-0.31638133765598325,-0.04839770059065516,0.019036891332688596,-0.21262824345521902,0.03591571582650231,0.0264705422021531,-0.06071038334599252,-0.023900330783077007,1.0,4.705179013469342,15.0,3.536,1000.0,500.0,500.0,942.0,942.0,942.0,0.0,3.0
51.38032743891561,52.60489691253111,9.416419315565797,10.895064082353922,-0.0548881383805944,42.13558433990007,9.839692169481735,0.9923986524883961,1.1533725957929424,-0.050770788364893606,-0.25043697223049194,0.0313764063291277,0.04152251436487717,-0.14745450742966276,-0.10326067123179974,-0.00040090767933498767,-0.03340009691848643,0.015390227558572753,1.0,4.842542244622688,16.0,3.486,1000.0,500.0,500.0,938.0,938.0,938.0,0.0,3.0
51.208125300135535,52.10746363818634,10.180642551475234,11.110829666248012,-0.029486692064138665,42.08779587830114,9.9145599496043,1.1755468533681426,1.1367117703506533,-0.04821972786530364,-0.31674205768360475,0.04562328364917378,0.020018387234546523,-0.23376128365597032,0.020944822980944883,-0.046090541110041176,-0.11139557319095462,-0.12433476558788917,1.0,5.0688008748229345,17.0,3.792,1000.0,500.0,500.0,954.0,954.0,954.0,0.0,3.0
50.48063966730434,52.633131499884314,10.280425404515059,11.082249361044012,-0.0311359696098475,42.19466861944698,9.6733929703868,1.0114103407847768,1.1036664536726315,0.016645028969737845,-0.237481725013245,-0.016406306726999113,0.03006823569289945,-0.14244848507054228,-0.007522978305274275,0.011769827670064532,-0.08161460485169486,0.008357976532207982,1.0,5.1975582298442315,18.0,3.752,1000.0,500.0,500.0,958.0,958.0,958.0,0.0,3.0
50.890365218809755,52.65914788387244,10.027376238557325,10.897580815458095,0.03860810412413588,41.69417942938266,9.709054398468245,1.0104884138156005,1.159787827553104,0.045848145110677634,-0.32227302126351326,0.04651242702612299,0.0033782628050096192,-0.1541800644019917,-0.024150702384659273,-0.026202351059316065,-0.04587525809344429,-0.07594186462275128,1.0,5.082024076167878,19.0,3.996,1000.0,500.0,500.0,978.0,978.0,978.0,0.0,3.0
51.01731671139343,53.05281993331449,10.267496220960412,10.647178598820759,0.017024824088531457,41.63824140916311,10.547953384812137,1.0636217702763804,1.2220888944536832,0.01697788588826573,-0.36096079944326087,0.03232113365901804,0.000929005671670894,-0.17598042093434088,-0.07949934887056039,-0.003988095373815314,-0.031089768663922726,-0.04003073773740187,1.0,5.089426368069342,20.0,3.992,1000.0,500.0,500.0,982.0,982.0,982.0,0.0,3.0
50.227487723114606,50.51619091935149,10.199945782614314,10.1529642067137,-0.033535682060358445,50.19352076073607,9.8070392000938,1.2662466297448238,1.1379954359128144,-0.07195199650549584,-0.35199754294822366,-0.005640232354668442,0.026471603150873133,-0.26404866174068964,0.04850586245647176,0.015768339084040024,-0.028392881627769227,0.0012758929059183857,1.0,4.003,1.0,3.357,2000.0,1000.0,1000.0,1844.0,1844.0,1844.0,0.0,4.0
50.23196678863279,51.070858202326775,9.836674750730845,9.820827495075847,-0.04503927805580953,49.673342273597,9.73898387279398,1.0572767964044278,1.0514092261035828,-0.14003570551574238,-0.2607469576034976,0.05470265584692466,0.11931257333135693,-0.25691955439269476,0.03494811857204105,-0.04250987222740086,0.00038159449742632975,-0.002644295645079484,1.0,4.056421955736008,2.0,3.25,1000.0,500.0,500.0,932.0,932.0,932.0,0.0,4.0
49.388182442025595,50.50627757284257,9.54860012509274,9.239512610237703,-0.05264870026482942,48.689405707373396,9.476114947631245,1.1822091218477215,1.1760973590510035,-0.02352954305187514,-0.33689573205703477,0.10135244487798258,-0.005960584905239289,-0.22433744837176783,-0.01254164831669437,-0.04380841318323569,-0.04325617695282494,-0.058228943443363684,1.0,4.077592799073847,3.0,3.118,1000.0,500.0,500.0,918.0,918.0,918.0,0.0,4.0
49.291563983341184,50.68615676574007,9.453338702356932,9.163207128223807,-0.06758847560815713,48.1554761839825,9.342556130929214,1.1711075316811888,1.1682404978238197,-0.024709834877094224,-0.2982158658697532,-0.06489700490206303,-0.039647986139715694,-0.286364578411431,0.003820175929219885,0.032950175283035364,-0.026202943043301497,0.015022786856826063,1.0,4.187186303075489,4.0,3.204,1000.0,500.0,500.0,908.0,908.0,908.0,0.0,4.0
49.56362572242144,50.51296195680971,9.579764111787123,9.13814484913984,-0.05572349516806678,47.812257741981504,9.591178847258893,1.1699856480611133,1.224696011842335,-0.0023604552336468714,-0.37577366384140104,0.011814939266232201,-0.02992248907523271,-0.21646868547383571,-0.0523022057281181,-0.04523217559735498,-0.031044842502746306,-0.054400331841680916,1.0,4.163193185858831,5.0,3.32,1000.0,500.0,500.0,934.0,934.0,934.0,0.0,4.0
50.04180698012177,50.69802127945181,9.398147354198116,9.872349455617226,-0.035562733713038266,47.02124796549755,9.550301918612158,1.0753844375072257,1.222614737600003,-0.04855134223679129,-0.2528344592151019,0.0035167100333539573,-0.0710948738486968,-0.19605933578784696,-0.127504303235917,-0.06919410366439581,-0.05198995048368454,-0.0126075343043392,1.0,4.194145200935479,6.0,3.38,1000.0,500.0,500.0,930.0,930.0,930.0,0.0,4.0
50.13426415423477,50.98588812150196,9.337602924960265,10.475905413652418,-0.010522217373663264,46.91416238730295,9.54717620542452,0.9833159928656361,1.1567474162128095,-0.047669846331164875,-0.23523382047632485,-0.015187783852227838,-0.09336785197210357,-0.1661385945768962,0.018013347669060587,0.056159025324796205,-0.04653224894234977,-0.006739378394655495,1.0,4.210340401619646,7.0,3.354,1000.0,500.0,500.0,928.0,928.0,928.0,0.0,4.0
49.36627635738199,51.20481961378943,8.918354171686659,10.465731449280065,-0.016360714236476535,46.921214069065634,9.441438698584324,1.1163997414536058,1.0783374403749295,-0.06687035695071314,-0.22105076652894007,0.07990547220556528,0.04156902323291106,-0.22864669982202904,0.020640928760848342,-0.0012781008849722354,-0.03155946720770309,-0.04670455562718985,1.0,4.313111502663046,8.0,3.528,1000.0,500.0,500.0,944.0,944.0,944.0,0.0,4.0
49.70705422626389,50.58455071106623,9.818744835767111,10.171184660045526,-0.038470101419644194,46.60533875267786,9.60212560269666,1.0529651425984612,1.127635948282414,-0.016622105287043505,-0.30586709260134615,0.037955892153741594,0.05326284752670369,-0.18745291506670392,-0.00849066027065514,0.04997593793845831,-0.07406434082454641,0.005831213322700164,1.0,4.455154235749455,9.0,3.492,1000.0,500.0,500.0,940.0,940.0,940.0,0.0,4.0
49.26229808165246,50.03279464916128,10.213076902060052,10.253659810230397,0.019470480634646854,45.130121209699446,9.170322190836695,0.9490304709141276,1.0864006225136733,-0.04600546504568307,-0.3043379933882467,-0.013790964619415017,0.1117119282811561,-0.2353426755566644,0.020110645365191474,-0.017884910384938,-0.013297824981539473,0.016580464830631605,1.0,4.48897271972976,10.0,3.588,1000.0,500.0,500.0,950.0,950.0,950.0,0.0,4.0
48.66134450795481,50.565199901818225,10.260734376461107,10.240148512359815,-0.010721054244337202,44.43919993957246,9.33418610175481,1.0703844630774269,1.2209431672787097,-0.023825147915995885,-0.3424484119878088,-0.033898005158346914,-0.08682370371965152,-0.24735908046817567,-0.025441221535188793,-0.02687511411394093,-0.060755567028936405,0.05994882165303177,1.0,4.693312056288973,11.0,3.728,1000.0,500.0,500.0,964.0,964.0,964.0,0.0,4.0
49.26355309267605,50.8554034921274,9.849888793921512,10.482852906488732,-0.007739472231758707,43.26882246972662,9.474537681234303,1.0307337237030125,1.2037312843889623,-0.060866856018899,-0.3214832742730169,0.0719522865634761,-0.04623372894960821,-0.14772801920445722,-0.0761577457278897,0.017469531338054924,-0.0475531794992132,-0.12349369077589117,1.0,4.739345126225806,12.0,3.664,1000.0,500.0,500.0,942.0,942.0,942.0,0.0,4.0
49.27793978094043,50.329674247352656,9.939948300403781,10.25518810800006,0.07138614525747079,42.98366855321331,9.914841293639347,1.0690726702963884,1.0942470667197375,0.006259027485421571,-0.26274938706074374,-0.01744792318370731,0.12751201176986862,-0.15148399444647803,-0.05075388030071463,0.013078111134642032,-0.06970243091225171,0.016331385977285277,1.0,4.761148932533403,13.0,3.674,1000.0,500.0,500.0,956.0,956.0,956.0,0.0,4.0
48.63221132034114,50.79211686290449,9.428667163956936,10.503493496849698,-0.060725714984342295,42.23623055980622,9.882638868310709,1.07899563751735,1.164684855726155,-0.037538459285339484,-0.26615565899276783,-0.012319401609238546,0.0064821071718314935,-0.15470072384135058,-0.060698696901631155,0.011147028571298736,-0.14842003331998688,-0.02247524139834914,1.0,4.856408823163202,14.0,3.752,1000.0,500.0,500.0,984.0,984.0,984.0,0.0,4.0
48.300762597914975,50.743468014512594,10.058731821274968,10.646945947434961,0.03287280842637147,41.99659679275803,9.699033685641623,1.1179023258025333,1.1943337083746268,0.04261002970124358,-0.3221338251997408,0.0075107373515964655,-0.008281138914232142,-0.24788900605711967,-0.05751204781170687,-0.07513696011011078,-0.05461085934155903,-0.002706694632738577,1.0,4.878977354328792,15.0,3.728,1000.0,500.0,500.0,962.0,962.0,962.0,0.0,4.0
48.85899622350771,50.994009599129946,9.629186223181561,10.847466821926151,0.041856342579817664,42.16851489082446,9.80635482718988,1.119766230968113,1.1567274368921598,0.02736661474889104,-0.2818477698997414,0.05128684421561661,0.01501247174501604,-0.11518846237367263,-0.04318138918422063,-0.019095504231425038,-0.05391590724273309,-0.024391792885367775,1.0,4.87563207544942,16.0,3.674,1000.0,500.0,500.0,944.0,944.0,944.0,0.0,4.0
48.806992458194614,51.1722535120366,9.527833823216033,10.815132822776375,0.04878572650239549,41.32666302220348,9.962455598104766,1.0015359084810393,1.1973488926818705,0.10168795764578019,-0.28088766130180226,-0.02971765010955951,-0.0818470626542524,-0.16831298026242378,-0.05048658821369184,0.06297470183297725,-0.04807183733186354,-0.06642316110299527,1.0,4.863317230294817,17.0,3.702,1000.0,500.0,500.0,952.0,952.0,952.0,0.0,4.0
49.441505181501334,51.346874487067794,9.747323463856945,10.855338555040383,0.007594802862687403,40.92983378484362,9.737924638472908,1.1730186796449649,1.1992958092722097,0.04882746597982862,-0.3364654983248505,-0.006377295449911222,0.05456612277771667,-0.18858389634675363,-0.11372145835593521,-0.03287311044045182,-0.004237030577539915,-0.0682009466655687,1.0,4.885758050008628,18.0,3.742,1000.0,500.0,500.0,956.0,956.0,956.0,0.0,4.0
49.29169179822676,51.447472587628205,9.778308297929415,10.595134287305541,-0.09244499170613671,41.71279812990185,9.554343700231751,1.049938878462837,1.1919361667935928,0.04415712118453216,-0.2491635367659181,0.0005413210825026365,-0.10665407974800298,-0.10055809716727254,-0.03317365129737536,-0.020510270049586717,-0.04916240745576521,0.026181468577179064,1.0,5.078556125602241,19.0,3.854,1000.0,500.0,500.0,964.0,964.0,964.0,0.0,4.0
49.36264138831219,51.78917545655884,9.92370787035721,10.765331957967232,-0.04227722392986243,41.34541289126281,9.505255111487477,1.1475508918123012,1.1474709831870715,0.024185835085138573,-0.3559675425283749,-0.047075026771387515,0.09908158038172908,-0.12457284977841872,-0.030766644387345953,0.0666764634561574,-0.03480469065742884,0.018716005061139938,1.0,5.168302000083831,20.0,3.796,1000.0,500.0,500.0,966.0,966.0,966.0,0.0,4.0
50.38405311713266,50.665651660340046,9.939987332737758,10.189515362433617,0.008339165000113651,50.12907355202268,10.010886926286524,1.235074668050022,1.1830116082627025,-0.09706609935423233,-0.3187963547721296,-0.015056479755638246,-0.03974092453082044,-0.25057538929162126,-0.00720417766109406,-0.013569214284656489,0.0009626445391298467,0.00698403838206042,1.0,4.082,1.0,3.188,2000.0,1000.0,1000.0,1806.0,1806.0,1806.0,0.0,5.0
50.11948080389898,49.934570304265186,9.91347073716023,10.009721586681744,-0.014405274974911867,50.0498508480959,10.10541792541979,1.262453992881434,1.2896400551566152,-0.07917358506892207,-0.4246593312660303,0.032446688808396504,-0.23299070423408993,-0.1968875022067021,0.0766477093027883,-0.02304305552930309,-0.013918437887236701,0.027059873263693898,1.0,4.0940578281071875,2.0,3.246,1000.0,500.0,500.0,926.0,926.0,926.0,0.0,5.0
49.46521306762981,49.46240749161732,9.306661811639875,9.946991142117499,0.033370394318134586,49.24489895535709,9.814183411621352,1.0418291228257583,1.2001613682330792,-0.1724459113957967,-0.31611618050781826,-0.024849311054961035,-0.05783196802534667,-0.15976613044998522,-0.028020018990025024,0.028250621040306748,-0.012097929167250908,-0.007077901011653928,1.0,4.172749868991358,3.0,3.43,1000.0,500.0,500.0,948.0,948.0,948.0,0.0,5.0
48.62129114402087,49.618137415481094,9.687952951860634,9.918232025428797,-0.029990434318635954,48.800445017263975,9.524278172236246,1.1651565504794037,1.2245672416467557,-0.04788929491056793,-0.4108145903342698,0.010814458060228169,0.07243466466293395,-0.15091719349105676,-0.11309964228405997,-0.016629659300844417,-0.034631328182191855,-0.027658747436985053,1.0,4.245565058961042,4.0,3.392,1000.0,500.0,500.0,938.0,938.0,938.0,0.0,5.0
48.30195111759081,49.15715712759304,9.91813113757839,9.810258628770749,0.016973098856378523,48.091892793629505,9.620212500546197,1.2090103258934424,1.110776871057138,0.0015276502787806574,-0.27774902417607766,-0.04245274279906668,0.06617486762839594,-0.17057201762565508,-0.0018487908571722218,0.029645763069181222,-0.022531480703723076,0.13014970205654877,1.0,4.2293767426656625,5.0,3.302,1000.0,500.0,500.0,924.0,924.0,924.0,0.0,5.0
48.607882626612295,49.688477414140806,9.176875925745403,9.91232588950568,-0.014365173930943019,48.3630548005249,10.09761486665347,1.1716003804526662,1.1532132816290879,-0.10351722546307075,-0.2752474618499729,0.0049692482241234385,-0.04401432929279027,-0.3353135693922029,-0.010182403544736643,-0.07073861623033616,-0.04238754476029816,0.0680762048828888,1.0,4.278447462908222,6.0,3.42,1000.0,500.0,500.0,942.0,942.0,942.0,0.0,5.0
48.856243242904505,49.81877886380357,9.68557770600765,10.063519558009682,0.05729110325937921,47.72750391274978,10.103752413356045,1.2336712170036728,1.2322911471293034,-0.05290880135399102,-0.38526526054070154,0.04690621726003103,-0.02898603599317306,-0.2505888475815392,-0.058284793892279564,-0.03765269780019879,-0.11044472698441758,-0.049631020428223316,1.0,4.3723591337070475,7.0,3.296,1000.0,500.0,500.0,914.0,914.0,914.0,0.0,5.0
48.71963271965281,50.080930687149845,9.78251158493556,10.313717287982461,-0.013199485756923767,47.15492211221182,9.996732777350493,1.0922364672364666,1.2954845218869584,-0.050073297516784486,-0.3819962821366353,0.05450924146921554,-0.04798703616434183,-0.197754448508833,-0.15671097306082318,-0.0052620045531923945,-0.03565952660070825,-0.10045058770820026,1.0,4.472436670143668,8.0,3.472,1000.0,500.0,500.0,936.0,936.0,936.0,0.0,5.0
48.51131882247801,49.14988583101399,10.046186855131472,10.050591149781638,0.0822050931086965,46.92367455467905,10.18960543682123,1.0327079185510424,1.1398527867360726,-0.038977327469332565,-0.2985074507871879,-0.08683015457834024,0.06532993412463632,-0.229868821907326,-0.046044289016488216,-0.029701137176884655,-0.028200512219988327,0.0481397596850061,1.0,4.417121799046878,9.0,3.512,1000.0,500.0,500.0,954.0,954.0,954.0,0.0,5.0
48.51605130007482,49.801671883571565,9.775395190270045,9.993086209531867,0.05436401623070576,46.821671570709846,9.818976594839732,1.0395301202710039,1.1046254541417782,-0.029007261827751943,-0.34299672398398406,-0.043429161854201634,0.11553223360220236,-0.1720113475881771,0.014653452726010121,0.007127216840325815,0.0071589363565453265,0.027840535216131466,1.0,4.527732669488524,10.0,3.544,1000.0,500.0,500.0,956.0,956.0,956.0,0.0,5.0
48.733940659301695,50.235868047111154,9.799190162726156,10.19227927361241,-0.0698869881461727,46.5117020305823,9.998989305963445,1.0941840277777781,1.1143561751952107,0.013163227525190748,-0.2599456970037114,-0.005785899718871136,0.04942678061938756,-0.14315970300540104,-0.021381908167946162,-0.04541306569464234,-0.029801822180663816,-0.033379557323763055,1.0,4.631085826280281,11.0,3.564,1000.0,500.0,500.0,960.0,960.0,960.0,0.0,5.0
48.89864858112902,49.747850160405235,9.72904022654274,10.052298429019535,0.018741079817328563,46.6319344772473,10.203654377892095,1.1458835561399656,1.1494565839935091,0.004353412500194006,-0.3115351844495099,-0.010117575055082782,0.06974047143300706,-0.1888188912865897,-0.068553055726451,0.019350681259545616,-0.056482660026465493,-0.021186077502541388,1.0,4.52080672314904,12.0,3.586,1000.0,500.0,500.0,936.0,936.0,936.0,0.0,5.0
49.28290978828922,50.01347562460395,9.506973792374552,10.237895583410415,0.06028113882207515,46.66112306209138,9.99579464409808,1.1396121883656518,1.2255941315596839,-0.05304779639678567,-0.26665732178661444,0.0008242906801717638,-0.14145433312085595,-0.20780140523233567,-0.05485689855462303,0.04917077430925497,-0.07761546270743115,0.03753836706434565,1.0,4.499069684700567,13.0,3.662,1000.0,500.0,500.0,950.0,950.0,950.0,0.0,5.0
49.44832119422093,49.803023909975416,9.762247508742412,10.249262260475986,-0.05336220205843744,46.422843712416636,9.899819205070362,1.2140034896650544,1.1957277508402087,-0.06167518746877039,-0.381151401705985,0.02365277714146628,-0.013662827260567579,-0.2159353965334854,-0.004561643196086796,0.015600944389519141,-0.02469813539256017,-0.043822891939290405,1.0,4.541322646221027,14.0,3.698,1000.0,500.0,500.0,954.0,954.0,954.0,0.0,5.0
49.67393048781803,49.77920594020807,9.475286717262197,10.111969937236536,-0.04490819649605517,46.077648879327164,9.563541190440828,1.1030471011934182,1.1175623424075218,-0.10396963234495116,-0.3485472546471412,-0.047120184116125036,0.09592310107376055,-0.18722019645380988,0.004693459412506443,-0.03184694023680702,-0.07684675946965402,0.009210469350819072,1.0,4.619372634129462,15.0,3.69,1000.0,500.0,500.0,952.0,952.0,952.0,0.0,5.0
49.47351816922243,49.656601905960436,9.43423889019989,10.051555488390067,-0.04427679287771738,45.05349881736191,9.718082994052667,1.3163197112215357,1.2426604758664634,-0.08064767034361738,-0.40507797792495215,0.056864782258322116,-0.004278609124366409,-0.16979548531897748,-0.07349863646574434,-0.037810895168119134,0.05396011550349127,0.03572613539991109,1.0,4.58059411244583,16.0,3.55,1000.0,500.0,500.0,938.0,938.0,938.0,0.0,5.0
49.078038830222845,50.28055728493567,9.229426840923693,9.840669461415375,-0.00941331099555661,44.72651328147171,9.784220397355032,1.029198732458126,1.205016411496506,-0.01396662408501433,-0.28024257557662285,-0.08338784013048953,-0.05867783003730051,-0.1778879928286825,-0.08134031922142851,0.03477162984315225,-0.04653701830386226,0.030913933679688994,1.0,4.552975754657833,17.0,3.504,1000.0,500.0,500.0,940.0,940.0,940.0,0.0,5.0
48.54048999640241,49.182649054168394,9.40576841807071,9.594795588827589,0.04562187152608138,44.393020239073756,9.981352181943999,1.0131607296753808,1.192381744423949,-0.07229368284395014,-0.2432049498746225,0.019531305137574135,-0.05254958900919995,-0.1401842944838883,-0.09183633376978874,0.007790759611156136,-0.0006460668041921081,0.014192467002689195,1.0,4.570853153801741,18.0,3.618,1000.0,500.0,500.0,944.0,944.0,944.0,0.0,5.0
48.86267161097089,49.248259910067915,9.162050192528302,9.875698911134986,-0.04777795480615272,45.050972511950015,9.750398217912833,1.195013850415513,1.2110166255319037,-0.015433649321388335,-0.3783802685098985,-0.0012957322664667466,0.025847792619905503,-0.15289624264580318,-0.0722199719924097,-0.011852064891944644,-0.04289809495981432,-0.021078606257765198,1.0,4.703959290321183,19.0,3.622,1000.0,500.0,500.0,950.0,950.0,950.0,0.0,5.0
48.87669401360531,49.76137998005043,9.57082265795318,10.114910751875158,0.0031195857600295643,44.22352188601566,9.732346596305282,1.1662049861495853,1.2056045602482237,0.00820975397926929,-0.3101888557580836,-0.030734306533460022,0.03922498915845704,-0.19015805450701484,-0.13467047312221622,-0.036946656011983804,-0.08270861098300011,0.06659234005402197,1.0,4.624107129874693,20.0,3.66,1000.0,500.0,500.0,950.0,950.0,950.0,0.0,5.0
