MeanMale,MeanFemale,SDMale,SDFemale,cor,MeanCount,SDCount,is,int,BMale,GMale,BFemale,GFemale,BSperm,GSperm,GMF,GMS,GFS,a,MeanRSC,Generation,MeanMates,population,males,females,offspring,offspring_desired,offspring_realized,offspring_dropped,Rep,TotalOffspringBorn,Runtime_Seconds,Memory_MB
49.98018506744836,49.825338719194185,9.914286214247154,10.10811298861166,-0.011254046285728752,50.14199619520603,10.050707575090208,2.1727365982511047,1.1838119139012069,-0.10234125832932248,-0.35066184175565984,0.012125961375877048,-0.006597052334691989,-0.21448830622400633,-0.007462044437320555,-0.004762478209613146,-0.04263417421993121,0.02621511182716916,1.0,4.0122,1.0,4.0744,10000.0,5000.0,5000.0,173576.0,173576.0,173576.0,0.0,1.0,173576.0,27.380823833,14868.468566894531
49.68270632179036,49.952618154621035,9.532895183216914,10.144828047570577,0.02789508772320092,49.23656708501146,9.790839805948305,2.0614529188567867,1.1550761423930251,-0.08248831841769015,-0.34425581155031776,0.0048286637588923365,0.015907424615758843,-0.21803122673935293,0.018939624382556784,-0.03192979348935585,-0.028289770486314682,0.00793471559437628,1.0,3.8329811150066395,2.0,3.759,10000.0,5000.0,5000.0,184261.0,184261.0,184261.0,0.0,1.0,357837.0,27.380823833,14868.468566894531
49.18179016967881,49.74874348612661,9.553364531181325,10.092923708714993,0.01059999502784925,48.201006636916006,9.733420518412796,1.9593495355119497,1.1790955231823923,-0.07198161137943333,-0.38708803320184837,-0.007444439479494398,0.02651924059330605,-0.222583371426035,0.003819832628601007,-0.029343696427879845,-0.03631771621070229,0.012868255956685188,1.0,3.6859437094767133,3.0,3.6914,10000.0,5000.0,5000.0,184541.0,184541.0,184541.0,0.0,1.0,542378.0,27.380823833,14868.468566894531
48.71077626647966,50.23438074048765,9.578704022805818,10.237710195193467,-0.003501959157994525,47.08964072695059,9.842019800172807,2.0015927036128787,1.1808184595797393,-0.022769202679567332,-0.37312193303386937,0.0025888739569638595,0.011954519596754606,-0.20777076632756195,-0.0056553048183117785,0.027280008846569684,-0.09798429452032535,0.02694557052655126,1.0,3.5826125092859264,4.0,3.5892,10000.0,5000.0,5000.0,185339.0,185339.0,185339.0,0.0,1.0,727717.0,27.380823833,14868.468566894531
48.53506342599791,50.35661144388798,9.55198855295336,10.353555937225751,0.012349486804251856,46.28231123591518,9.853084969112443,2.027072245252591,1.1998612224294187,-0.02273010204860926,-0.3474669431339509,-0.00790554809568926,-0.02160898621533352,-0.19002121725282708,-0.03917081727784913,-0.015863864368592794,-0.07306942378957783,0.028321842060437,1.0,3.442278570662103,5.0,3.504,10000.0,5000.0,5000.0,186885.0,186885.0,186885.0,0.0,1.0,914602.0,27.380823833,14868.468566894531
48.75821867436381,50.53701942151,9.594014215145664,10.534804825021004,-0.011479875655203762,45.227847737582834,9.677248079480657,1.911516220740527,1.2058431901315978,0.00772579337796523,-0.35943284090947764,0.02664388307210117,0.01638255573271399,-0.18243940990729285,-0.07388957709138545,-0.02993310077696521,-0.06190456399428536,-0.005314111632467042,1.0,3.4134966775469526,6.0,3.4344,10000.0,5000.0,5000.0,190928.0,190928.0,190928.0,0.0,1.0,1.10553e6,27.380823833,14868.468566894531
49.0070714727311,50.640500405216024,9.375982509146622,10.767173341158772,0.0023782307659134614,44.300155211444725,9.77515231076029,1.8706997857844512,1.1681903377117613,-0.025059494231717074,-0.3315955895549581,-0.01131108287481992,0.03752448814468774,-0.19584425893320243,-0.04403991027541978,-0.0062001131163356695,-0.04018988470529801,-0.0053273749840615035,1.0,3.301827181164284,7.0,3.3528,10000.0,5000.0,5000.0,188627.0,188627.0,188627.0,0.0,1.0,1.294157e6,27.380823833,14868.468566894531
48.856760047047565,50.466772068775064,9.392980172034667,10.692606542305702,-0.022146331199494995,43.52538943763528,9.723042758990568,1.8679764938999806,1.1747080458629435,-0.021691762367650986,-0.3432405379993833,-0.020484293974022585,0.022121156291908226,-0.25165971650033214,-0.02931926730295631,-0.017942519518830545,-0.017178029152857887,-0.010126881234517177,1.0,3.3186813714676653,8.0,3.3324,10000.0,5000.0,5000.0,191851.0,191851.0,191851.0,0.0,1.0,1.486008e6,27.380823833,14868.468566894531
48.965997962204284,50.54195095322789,9.687327408910518,10.500737892585208,0.011723856899283467,42.370461789717126,9.652955004097807,1.9732187351966906,1.1941668461992034,-0.02313593895181538,-0.3522373698989823,-0.01068248460474973,0.025062378617669946,-0.15314332116968135,-0.06479137900330302,0.02666149146990223,-0.03709149390086603,0.005990301037530826,1.0,3.272199870911504,9.0,3.2952,10000.0,5000.0,5000.0,190544.0,190544.0,190544.0,0.0,1.0,1.676552e6,27.380823833,14868.468566894531
49.071585469123825,50.60487238101584,9.312575524281948,10.437252684056855,0.007200377110630177,41.82805197911007,9.72077316234988,1.9866915358329862,1.1704890319839505,0.013208217752497545,-0.3334351168251698,0.011640389891500782,-0.0037929796510356856,-0.19905782814422837,-0.007699989634555074,0.017550803119953554,-0.03815587296904168,-0.011558525406422701,1.0,3.2892576747546527,10.0,3.3372,10000.0,5000.0,5000.0,187641.0,187641.0,187641.0,0.0,1.0,1.864193e6,27.380823833,14868.468566894531
48.998728007704756,50.71121676164161,9.452123874340646,10.469859872869295,0.009548862299831758,41.20410155933884,9.85021005682919,1.9177633505695038,1.1897023965343112,0.003050701233719774,-0.3574071113017446,0.008784866110694414,-0.019329940967601194,-0.16762932791175825,-0.006978322967842054,-0.001186103956254193,-0.06302747514717734,0.023712925834457534,1.0,3.1880190845503913,11.0,3.273,10000.0,5000.0,5000.0,191290.0,191290.0,191290.0,0.0,1.0,2.055483e6,27.380823833,14868.468566894531
49.01148326707893,50.807335250831684,9.382037257294773,10.594244896881419,0.003512136457230714,40.12321392692996,9.794126228692244,1.9464213151319552,1.153439115189119,-0.007983475498969115,-0.30376302083662043,0.009536073604363527,-0.008129640298012865,-0.174524394052709,0.002914177238483973,-0.012103104992426141,-0.05162810692332564,0.005429328414299933,1.0,3.199634206221498,12.0,3.1706,10000.0,5000.0,5000.0,193484.0,193484.0,193484.0,0.0,1.0,2.248967e6,27.380823833,14868.468566894531
48.80162909906409,50.742781458569496,9.310001816628493,10.573663947660268,-0.017012337193876518,39.44225149078135,9.918874560037672,1.8697042480379218,1.1888830521076585,0.00335917534938797,-0.344555770519374,0.018849412036184152,-0.008480859127307365,-0.156289944764105,-0.027444439086454952,0.0014979867057504648,-0.06056849358980971,-0.01900564490234504,1.0,3.182525053053559,13.0,3.1976,10000.0,5000.0,5000.0,192775.0,192775.0,192775.0,0.0,1.0,2.441742e6,27.380823833,14868.468566894531
48.689748167121756,50.99295774378325,9.283038454641556,10.276901784848258,0.004760590303316916,38.9595426713911,9.683786140925223,1.954786204464508,1.173939550635544,0.03742624948561419,-0.35541792462958516,0.009733957145889243,-0.009145757844517474,-0.20233463686995895,0.014345175141839889,0.003909895098540971,-0.056135397041862524,0.01281001819899702,1.0,3.1776636097970417,14.0,3.2162,10000.0,5000.0,5000.0,190383.0,190383.0,190383.0,0.0,1.0,2.632125e6,27.380823833,14868.468566894531
48.971736394720686,50.78573248709971,9.257168265332274,10.422598377929644,-0.015463929346831294,38.318263945754126,9.706877362674808,1.8413763284564117,1.14442183089577,0.0016436304968862718,-0.2979909907240837,-0.015122632770582126,0.009470839078128809,-0.16851536988396065,-0.0009874018455532443,0.020699927174759308,-0.03274075098985124,-0.019517063021128347,1.0,3.18910568031879,15.0,3.173,10000.0,5000.0,5000.0,197327.0,197327.0,197327.0,0.0,1.0,2.829452e6,27.380823833,14868.468566894531
48.65462728953337,51.13144539054391,9.33672279468893,10.42568103895715,0.010501227427773707,37.332603513561175,9.722891902617317,1.8392954751892079,1.1972674457905987,0.052558373552371376,-0.33464037933363217,0.01768514942330591,-0.007253467419452222,-0.1613627059395552,-0.05798833645496172,-0.008477169153144488,-0.06517895599704243,0.007439630551022182,1.0,3.202575119939891,16.0,3.2698,10000.0,5000.0,5000.0,198996.0,198996.0,198996.0,0.0,1.0,3.028448e6,27.380823833,14868.468566894531
49.10460254523273,51.49038548919217,9.240696199037568,10.347207138376682,-0.00015896841970395798,36.3917549051089,9.782133574047213,1.8494494748835186,1.1684932139492787,0.008991159408077785,-0.32754060597317747,-0.04132732634536327,-0.0297105638087406,-0.16611508220166618,0.016918447146857883,0.0474355058997237,-0.055841434284752064,0.010740694912581882,1.0,3.164057302232203,17.0,3.1394,10000.0,5000.0,5000.0,194999.0,194999.0,194999.0,0.0,1.0,3.223447e6,27.380823833,14868.468566894531
49.0050109887814,51.290472988233695,9.32701986264062,10.265010579733461,0.006244336800018145,36.340665479683956,9.75836577241077,1.8511648084224985,1.1336370604714672,0.0495109323255029,-0.31058359331244867,0.019589219316482023,0.024402718210822207,-0.16478898933683814,0.017017366012383118,-0.007223970667395967,-0.04058450978681955,-0.0020338120657916207,1.0,3.1930173686018217,18.0,3.1662,10000.0,5000.0,5000.0,193375.0,193375.0,193375.0,0.0,1.0,3.416822e6,27.380823833,14868.468566894531
49.2929437130394,51.74316415082215,9.35520511859796,10.417395424946527,0.008143690713645407,35.57713776440523,9.529046444172113,1.9079358370429973,1.2064836235687366,0.050064970219861324,-0.3458251215052623,-0.016816741877181636,0.006643676623304031,-0.13860473923389968,-0.07852686613687046,0.014591059099784313,-0.08038005178257022,-0.004200959063509613,1.0,3.2227294196931666,19.0,3.1998,10000.0,5000.0,5000.0,191500.0,191500.0,191500.0,0.0,1.0,3.608322e6,27.380823833,14868.468566894531
49.38437429499725,51.69349184886861,9.377048540469065,10.178802822893278,-0.004827196821374049,34.718808914162594,9.481583074739783,1.9113277793871974,1.1983819884621896,0.03511827792263425,-0.33239596919833736,0.004979274787583339,-0.013468671549668045,-0.12678680343242013,-0.053935196129247055,0.019647428577329415,-0.06124401960957378,0.0008622473410877139,1.0,3.187698262013674,20.0,3.212,10000.0,5000.0,5000.0,195110.0,195110.0,195110.0,0.0,1.0,3.803432e6,27.380823833,14868.468566894531
49.82867757638892,51.60242307695425,9.335697672648664,10.356097616893663,0.008254132961208485,34.134904056388656,9.583596745590956,1.9773266084654206,1.1847413082781868,0.027637011350205,-0.3376108134166478,0.013436390604573436,-0.016314953881568343,-0.16474916915924062,-0.018386410792299194,0.006398795842376896,-0.038730195380678734,0.03686412962811085,1.0,3.190061565634691,21.0,3.1638,10000.0,5000.0,5000.0,194422.0,194422.0,194422.0,0.0,1.0,3.997854e6,27.380823833,14868.468566894531
49.84313910109928,52.091299147454635,9.263137426188411,10.19924596236393,0.0003264463981821207,33.388754036413076,9.672632048473949,1.8167529905953128,1.2141874359552656,0.05329249920929466,-0.328026230066586,-0.017921227552342333,-0.058127471209058215,-0.1452444462499642,-0.0417912637009093,-0.024177029295246625,-0.0683962479560106,0.011895001399342658,1.0,3.151703642892344,22.0,3.0658,10000.0,5000.0,5000.0,194738.0,194738.0,194738.0,0.0,1.0,4.192592e6,27.380823833,14868.468566894531
50.36709803414074,52.245635153157565,9.237721816676046,10.579863529023646,-0.005439784934620365,32.71354562097805,9.440486711843082,1.926234564870453,1.1587464239947425,0.04545824135397716,-0.29847825748221324,-0.0035559935657299823,0.008035280263470692,-0.12417247800627483,-0.029567723360347038,-0.007981276745698117,-0.05325854527315791,-0.0030777060507861495,1.0,3.102043436806695,23.0,3.118,10000.0,5000.0,5000.0,189471.0,189471.0,189471.0,0.0,1.0,4.382063e6,27.380823833,14868.468566894531
50.50070984283404,52.430657840229046,9.231269879456503,10.39438676952999,-0.0006920183664933362,32.327279185272744,9.555656617891852,1.9369305709490887,1.1990373072087348,0.05207324855406808,-0.32608080915208126,0.0046934983449268995,-6.784171648210307e-5,-0.12958728077496712,-0.07412343375327717,-0.0020969953909936775,-0.04741631763174905,0.007753037489321177,1.0,3.027605031587244,24.0,3.1202,10000.0,5000.0,5000.0,192629.0,192629.0,192629.0,0.0,1.0,4.574692e6,27.380823833,14868.468566894531
51.04580522809952,52.382383842815194,9.08786402828897,10.319812052276943,-0.004439803479950835,31.640352544834627,9.397713916952254,1.951547261645419,1.1635028920230508,0.0030241031731477446,-0.3229822284111621,0.0149068912870903,-0.002891569020397898,-0.14628703737915022,-0.0016616799524303701,-0.0007766688226619583,-0.0051712707269572075,0.005786679880731583,1.0,3.067562282843385,25.0,3.0374,10000.0,5000.0,5000.0,193031.0,193031.0,193031.0,0.0,1.0,4.767723e6,27.380823833,14868.468566894531
51.072969230457886,52.94895573130789,9.030802078113966,10.433375572529256,0.0003339265646533024,31.144655712256174,9.288776104410852,1.850271594211643,1.1573838380855184,0.037257989961010214,-0.28090049296797437,0.003922254893695153,0.005176218821723697,-0.1339637044518093,-0.040361431683768476,0.02065267197671355,-0.04911536424968332,0.001535586036956474,1.0,3.103930523934577,26.0,3.1304,10000.0,5000.0,5000.0,193557.0,193557.0,193557.0,0.0,1.0,4.96128e6,27.380823833,14868.468566894531
51.35660345378261,52.94005533312189,8.940761322982585,10.404684763742438,0.022786095815947684,30.65576927602985,9.531771051810066,1.8721418648418349,1.1402625098681844,0.029058407288152455,-0.274356711465502,0.04578319100421717,-0.013962277059842283,-0.11066377382556689,0.0071587187998892,0.007098711771799131,-0.03859257149730093,0.0006960974396671061,1.0,3.072651811443082,27.0,3.1228,10000.0,5000.0,5000.0,189625.0,189625.0,189625.0,0.0,1.0,5.150905e6,27.380823833,14868.468566894531
51.82997167372333,52.98731549080465,8.95878514973415,10.306274576576502,-0.009517385469443827,30.315312917846644,9.535718429282863,1.9350394080058657,1.1966411627937945,0.013148352089361449,-0.32079962298334463,0.03256873063133839,-0.04348761659542546,-0.10599866881747949,-0.03190769404380804,0.011999189194295197,-0.05782649330716463,0.0068290996574072,1.0,3.0610830186400255,28.0,3.0562,10000.0,5000.0,5000.0,191601.0,191601.0,191601.0,0.0,1.0,5.342506e6,27.380823833,14868.468566894531
51.78216606193368,52.92951116512253,8.985587236492904,10.282956881993545,0.0019096352900361386,29.848521920769056,9.305473137871987,1.8938532374120236,1.1912195954961577,0.004059187688691573,-0.31850630210046327,0.011326891038873275,-0.021460651274362356,-0.12079089640283419,-0.04365836051590834,0.008474409611673206,-0.035078712115254956,-0.0008719384868845454,1.0,3.0866373377034035,29.0,3.1504,10000.0,5000.0,5000.0,192072.0,192072.0,192072.0,0.0,1.0,5.534578e6,27.380823833,14868.468566894531
51.67894651972283,52.82737722732049,9.001331495571128,10.34150327761467,-0.0043298133099923565,29.242903546768503,9.277709644799618,1.885360821754107,1.1488589753116496,0.012449970789637064,-0.29161123476113615,0.054252447129576116,0.002802500730729927,-0.10414867146062227,-0.008427671627038624,0.016593226384746935,-0.03369638946273508,0.009040220096762874,1.0,3.0590622795627866,30.0,3.0474,10000.0,5000.0,5000.0,193933.0,193933.0,193933.0,0.0,1.0,5.728511e6,27.380823833,14868.468566894531
51.575278266265,52.96954738697248,8.95718932109342,10.332488065616468,0.006230517202928867,28.74728022040869,9.360593549252549,1.885347656784704,1.17870547277519,0.04649750186876381,-0.31177089446751155,-0.009540112603749193,0.010703871032235085,-0.10398785973301423,-0.05858526916186948,-0.001111820120363638,-0.04880897951294317,0.0154566337161371,1.0,3.0566885413500313,31.0,3.0966,10000.0,5000.0,5000.0,195563.0,195563.0,195563.0,0.0,1.0,5.924074e6,27.380823833,14868.468566894531
52.138463385445036,53.08458434282542,8.81576506745274,10.388350873998112,0.0029002774889954758,28.561904175662452,9.2910030889944,1.833996955745104,1.1920406920865472,0.006856981506248448,-0.3340331659863547,0.020910397501046035,0.000269233506146281,-0.11421411599358497,-0.05061556305023782,0.023468249934356648,-0.031812328891430416,-0.012151386350305979,1.0,3.0637601883156917,32.0,3.0988,10000.0,5000.0,5000.0,193694.0,193694.0,193694.0,0.0,1.0,6.117768e6,27.380823833,14868.468566894531
52.22068182553809,53.37089435211999,9.012121463550516,10.383225332864187,-0.01623459079343098,27.963843777874985,9.472577553857564,1.8236859325478043,1.1847329469676895,0.017500319747948502,-0.346799081247592,0.01422472626955787,0.013048123170626003,-0.12466918350573104,-0.036236984781424855,0.004107504941572784,-0.04574483059765193,-0.0008614771549487666,1.0,3.1301082413020733,33.0,3.1128,10000.0,5000.0,5000.0,195949.0,195949.0,195949.0,0.0,1.0,6.313717e6,27.380823833,14868.468566894531
52.37639095712489,53.45912227511088,9.02038107191628,10.27740554009099,-0.005593540917822165,27.69646527076303,9.34933879882229,1.9132913804890281,1.1930454487467779,0.01720745379904676,-0.3140268316392366,-0.01213197627629118,-0.021925765835696897,-0.11955984959261266,-0.051318061360207105,0.026033744190409856,-0.019797831184526517,0.02284718092721871,1.0,3.1380015162982238,34.0,3.1558,10000.0,5000.0,5000.0,192426.0,192426.0,192426.0,0.0,1.0,6.506143e6,27.380823833,14868.468566894531
52.47488376097664,53.52614289343897,9.09754763884117,10.30902476666484,0.027184844118527795,27.123476506080177,9.483033721679389,1.8324820972976432,1.1896128038571074,0.011610681587937453,-0.3482373885827618,-0.007254997820847335,-0.03266073372024144,-0.1222041866442274,-0.0008538342498558897,-0.007409165378784958,-0.03989086707527519,-0.009798136072658744,1.0,3.1080240016427014,35.0,3.1396,10000.0,5000.0,5000.0,193878.0,193878.0,193878.0,0.0,1.0,6.700021e6,27.380823833,14868.468566894531
52.63963696360759,53.49318433713978,8.876254326028713,10.44387059267106,-0.006380147244172574,26.39414961273029,9.564368510161811,1.7954580577232129,1.1546185974241778,0.022952664086260482,-0.26738603332942196,0.0036874562736129144,-0.01887442491096412,-0.11402246579027978,-0.02514906293980101,0.005209764984385674,-0.03177358329422207,-0.004183356408709777,1.0,3.0389684457627393,36.0,3.084,10000.0,5000.0,5000.0,198559.0,198559.0,198559.0,0.0,1.0,6.89858e6,27.380823833,14868.468566894531
52.7943280551811,53.52101669641128,9.13180352143803,10.439647308976102,0.023095770866617165,26.014836475704133,9.247415848093846,1.885474804810312,1.1834531581883874,-0.013405460908179075,-0.3422167299143203,0.006753110883047593,0.012376736711124475,-0.11644135298480979,-0.03897224429714441,-0.0097200373467822,-0.04046862992921336,0.0070478107234145685,1.0,3.0502373707874795,37.0,3.141,10000.0,5000.0,5000.0,194614.0,194614.0,194614.0,0.0,1.0,7.093194e6,27.380823833,14868.468566894531
52.89494087080476,53.6537596690279,8.834268613715274,10.368333953441052,0.011258621836758683,25.42926593830189,9.288089235946622,1.9308943228750897,1.1710431596262472,0.006988657591395894,-0.29198388030874495,0.028529546673506854,-0.0023078473434696625,-0.07687129810183807,-0.04911417997426709,-0.015973739919237517,-0.03286654368771254,0.012872084325004626,1.0,3.0433333678211074,38.0,3.0292,10000.0,5000.0,5000.0,191921.0,191921.0,191921.0,0.0,1.0,7.285115e6,27.380823833,14868.468566894531
52.924772384503086,53.74973912936134,8.950652167000717,10.341932450494491,-0.01595118433084183,25.18238547153475,9.31243856611407,1.8760402434652055,1.1411516673167637,0.016644398607780737,-0.32114995734639956,-0.008360427162982477,0.0545710191791425,-0.10809288128303485,-0.014092956661744963,0.017388208246181196,0.009801757666604651,-0.035782168298240005,1.0,3.087066446832224,39.0,3.0504,10000.0,5000.0,5000.0,192364.0,192364.0,192364.0,0.0,1.0,7.477479e6,27.380823833,14868.468566894531
52.825399840095386,53.3534120897908,8.957289232341232,10.627166388839566,-0.0020272486942546765,24.728488934734184,9.124528088112609,1.8120955915086046,1.1548810707399326,-0.009397791569854345,-0.2793455754362114,-0.008483248934733822,0.010724039210235278,-0.07755590680015727,-0.04126209002472061,-0.0013048853899626832,-0.02607470085908976,-0.011964724592345648,1.0,3.0647630130773913,40.0,3.0702,10000.0,5000.0,5000.0,191211.0,191211.0,191211.0,0.0,1.0,7.66869e6,27.380823833,14868.468566894531
52.977552121590705,53.49677406381504,8.794427461296591,10.70013533323419,-0.0249424167218231,24.226894483622722,9.055821707721455,1.9149593039086845,1.1669507410004625,0.0008248571000377168,-0.2965234886110745,-0.03172715536861155,0.038059524441197506,-0.08137060510507732,-0.07657443729581251,0.01921546083496825,-0.05506440842975278,-0.010631748177614878,1.0,3.0819758704656635,41.0,3.1368,10000.0,5000.0,5000.0,193247.0,193247.0,193247.0,0.0,1.0,7.861937e6,27.380823833,14868.468566894531
52.92288391637488,53.20257755840627,8.907344529478948,10.587829785760496,0.003873553847133228,24.20934088022649,9.261990149280676,1.856091907008108,1.2158904031742999,0.002831526781030072,-0.31224628954394096,-0.02142963138965525,-0.027948682721756473,-0.09053886096733457,-0.09365194465623934,-0.018546708788357645,-0.02239583646817679,0.021457358780139504,1.0,3.096957190485367,42.0,3.12,10000.0,5000.0,5000.0,194454.0,194454.0,194454.0,0.0,1.0,8.056391e6,27.380823833,14868.468566894531
52.75519940453104,53.36306713281082,8.847175842809037,10.61689623142645,0.010622717620807276,23.745382453181268,9.269185286706891,1.796287792393212,1.1484556680710998,-0.016668512646994576,-0.25507999737061116,0.005087244283351458,0.00828208179706714,-0.0683481648861688,-0.050557838076420655,-0.01728010858461607,-0.02788064648355007,-0.0036824254255946325,1.0,3.0717037007462573,43.0,3.061,10000.0,5000.0,5000.0,195839.0,195839.0,195839.0,0.0,1.0,8.25223e6,27.380823833,14868.468566894531
52.80778243769168,53.39882476567442,8.903639065302912,10.339002290157932,0.009368697298632172,23.334569874305977,9.095299963851405,1.8096862683100834,1.1738900464796072,-0.02966045041410337,-0.326899980486311,-0.014278575814320104,0.007598984240488447,-0.10858815282547475,-0.03125979437944163,-0.01004160292168048,-0.043928305048410124,-0.01115098762360197,1.0,3.066174651220766,44.0,3.1084,10000.0,5000.0,5000.0,198767.0,198767.0,198767.0,0.0,1.0,8.450997e6,27.380823833,14868.468566894531
52.81919640334123,53.463820602937275,8.677114803874955,10.385202053851476,0.004598814440187733,22.91764112597709,9.308327568808897,1.8423801221590643,1.1891246369874875,-0.018045797145525302,-0.2951480856178515,0.037199351365995434,-0.03592558908232892,-0.11672710333104995,-0.04700938077284075,0.021982766607836015,0.01131833159997522,-0.0002310619294167507,1.0,3.1030025779751047,45.0,3.0644,10000.0,5000.0,5000.0,190973.0,190973.0,190973.0,0.0,1.0,8.64197e6,27.380823833,14868.468566894531
52.78592258409648,53.60030895809157,8.595701433129195,10.497499244733126,-0.025171430758832228,22.39292025924656,9.177470595220838,1.8563186713759523,1.1404526521581342,0.01666193136189324,-0.2734294508518798,-0.017054828395707666,0.004476905321628274,-0.11794911932506152,-0.012201050694759555,0.008789285801244861,-0.017719866883819116,0.0020597014467836753,1.0,3.0770643007727108,46.0,3.1058,10000.0,5000.0,5000.0,191894.0,191894.0,191894.0,0.0,1.0,8.833864e6,27.380823833,14868.468566894531
52.847056223796194,53.77173360775701,8.79115809207253,10.273007145147094,-0.012997074934409793,21.97618542453365,9.20094420062147,1.8084227125595278,1.197376607537609,0.0438276643473364,-0.31213197694751316,0.02460289748634993,-0.029332572491673894,-0.059519979597921595,-0.05580440720032502,-0.017425376312680225,-0.0252933045625497,0.01774679314946214,1.0,3.0751546575332895,47.0,3.0764,10000.0,5000.0,5000.0,191773.0,191773.0,191773.0,0.0,1.0,9.025637e6,27.380823833,14868.468566894531
53.356956023242184,53.768553942232614,8.672192394507903,10.44144730633727,-0.005152951106398899,21.65016624743992,9.261212865305726,1.9579727429000813,1.1669999731862213,0.026466308933688027,-0.2929332404312486,-0.009147146332448376,0.023770794850192043,-0.061915219555012474,-0.06607346826737635,-0.014960043163141097,-0.031199408209971774,-0.023452479532896316,1.0,3.100623588956485,48.0,3.0836,10000.0,5000.0,5000.0,195674.0,195674.0,195674.0,0.0,1.0,9.221311e6,27.380823833,14868.468566894531
53.442992227810386,53.90521669220408,8.690031965420113,10.530757799021249,0.0038672032254320767,21.326353500921897,9.237642471326975,1.8346353086681981,1.1933719733704162,-0.03240301669375489,-0.2905243822658471,-0.012447604385652062,-0.05255098214040965,-0.04654819771175685,-0.04464809930234034,-0.009609565222874343,-0.018083041767234603,0.009585502338537975,1.0,3.142775141245736,49.0,3.114,10000.0,5000.0,5000.0,194144.0,194144.0,194144.0,0.0,1.0,9.415455e6,27.380823833,14868.468566894531
53.20432037119842,53.77772784932475,8.602513282610893,10.55569991715864,0.02340126495515335,21.378112267806852,9.209418257385284,1.8962115941551507,1.153468386545103,-0.0031047269776722686,-0.268154754611185,-0.019659878020399976,-0.01906128786449497,-0.08521509749440939,-0.021564094744400963,0.0005567894270360693,-0.03209531063856431,0.011920699620292534,1.0,3.191014000220941,50.0,3.1056,10000.0,5000.0,5000.0,190227.0,190227.0,190227.0,0.0,1.0,9.605682e6,27.380823833,14868.468566894531
53.18216901308681,53.92224057475112,8.771866125060319,10.539525981330222,-0.007989630844767026,20.678224449197856,9.128009513831612,1.9019793640415639,1.2154203699088735,-0.011392022014092819,-0.3032351221745362,-0.017673259832851125,-0.08362024042966622,-0.052273423523393786,-0.04466337307496227,0.004819682449136973,-0.027004948569447997,0.03723705202360341,1.0,3.1845479570482733,51.0,3.2262,10000.0,5000.0,5000.0,195744.0,195744.0,195744.0,0.0,1.0,9.801426e6,27.380823833,14868.468566894531
52.77653577757224,53.953307039469244,8.668448996559391,10.58314473426623,0.006129453316081379,20.572697995051815,9.177362582434721,1.8461104874980478,1.17404834210342,0.0358913767126022,-0.2827326430042278,-0.0025643846427303375,-0.015329148249243014,-0.08357792440358557,-0.05123497838540877,0.006475031240126479,-0.040993889859751886,0.009111246004134968,1.0,3.1724521465499667,52.0,3.2386,10000.0,5000.0,5000.0,193214.0,193214.0,193214.0,0.0,1.0,9.99464e6,27.380823833,14868.468566894531
52.80726984436328,53.78517069402556,8.564089779819351,10.320497295032203,-0.003828569233151167,20.302415964705737,9.184020159908533,1.8650444670069306,1.1564715136480024,0.015757546479395115,-0.2933497935345266,-0.00037043216044232443,0.004645444710031262,-0.039082734753627946,-0.02304259617738054,0.006101278194870718,-0.009868605293582544,-0.023949845522284827,1.0,3.174071907111597,53.0,3.2026,10000.0,5000.0,5000.0,195576.0,195576.0,195576.0,0.0,1.0,1.0190216e7,27.380823833,14868.468566894531
53.0001680278962,54.012063779168926,8.59807947652123,10.50483713580905,0.008176223625056194,20.454952636555525,9.12907661987541,1.8840138724200683,1.1462961035687413,0.02274180598697909,-0.3250139808649273,-0.004249284787847872,0.03031558532860575,-0.09904151875714393,0.0011450567674357885,-0.0002956911946791281,-0.0029727309755701167,-0.02117270096002039,1.0,3.1566460888583765,54.0,3.1324,10000.0,5000.0,5000.0,192365.0,192365.0,192365.0,0.0,1.0,1.0382581e7,27.380823833,14868.468566894531
52.82824820016979,53.99726182865158,8.542605103177735,10.325798496659258,-0.005091625926680591,19.96635697076826,9.291937897752591,1.8846022416722865,1.1634429684456191,0.018308956681150644,-0.27624721935631746,0.049273134852525116,0.02608236745508239,-0.0638588645951577,-0.07806479956749653,0.007859124351601928,-0.02060213516880507,0.013145614904247097,1.0,3.146555480147853,55.0,3.2176,10000.0,5000.0,5000.0,196174.0,196174.0,196174.0,0.0,1.0,1.0578755e7,27.380823833,14868.468566894531
52.80003323271237,53.80136634073955,8.69442985071941,10.334878262099087,0.009968590696944578,19.883947808891765,9.352107921414273,1.8287655555408542,1.1953446371758125,0.028762510223823725,-0.34323847642083016,-0.018798076473823144,0.022756765957178945,-0.04337292078858149,-0.07019222657486131,-0.004382404610539841,-0.0035341919929245055,0.026149457166000065,1.0,3.160597248222626,56.0,3.159,10000.0,5000.0,5000.0,199055.0,199055.0,199055.0,0.0,1.0,1.077781e7,27.380823833,14868.468566894531
52.81381169389076,53.960940815393066,8.700691684617476,10.37435318213414,0.018475545841847768,19.559772647644404,9.150203026108437,1.8721714335602546,1.1464324901417007,0.01872885833952052,-0.27800372872701795,-0.00911805192236961,0.011202762364152897,-0.05303173074781859,-0.02436031510496743,0.004062961133472277,0.02686390385249672,0.0176244999102552,1.0,3.174789864245045,57.0,3.1882,10000.0,5000.0,5000.0,193911.0,193911.0,193911.0,0.0,1.0,1.0971721e7,27.380823833,14868.468566894531
53.04825197258673,53.52684972338672,8.545215022476564,10.357451943633576,0.0032515781776258535,19.529851944765444,9.284171059295344,1.8189462801183358,1.1546348865555423,0.017224707206257638,-0.26676621623553604,-0.01646002377169013,-0.0019137242781379392,-0.09423755617090433,-0.040169687075078356,0.005271177551588929,-0.013938843606710662,0.006267228259317,1.0,3.1694236703580514,58.0,3.2198,10000.0,5000.0,5000.0,195063.0,195063.0,195063.0,0.0,1.0,1.1166784e7,27.380823833,14868.468566894531
53.089422743460304,53.56129336248378,8.66040857197245,10.36321581152919,-0.0036969960750921093,19.012355497996715,9.236266851664384,1.8491025238528735,1.1525611808129383,-0.0019285835157381674,-0.29533772333610203,0.010739559872188501,0.03896780397585553,-0.05659175744274777,-0.04777466311437471,0.003055758406762527,-0.016482830868110723,-0.016198719230830605,1.0,3.1545575581251466,59.0,3.1866,10000.0,5000.0,5000.0,195578.0,195578.0,195578.0,0.0,1.0,1.1362362e7,27.380823833,14868.468566894531
52.86548793999231,53.423584083577964,8.548645179879971,10.377352553502973,-0.00680005625016622,19.079562764302572,9.438818960010883,1.8286598168747152,1.1316158118894406,-0.01272681525515348,-0.2568450739425969,-0.020074202769888878,0.01697650708965927,-0.07237601973727734,-0.023752409772536124,0.008621139251479793,-0.008416091785508062,0.008754459186224106,1.0,3.18424342459251,60.0,3.164,10000.0,5000.0,5000.0,195523.0,195523.0,195523.0,0.0,1.0,1.1557885e7,27.380823833,14868.468566894531
53.11956855964231,53.11361415817549,8.545947346032808,10.464333977692437,0.03192935988473442,18.720835105777983,9.335047060083198,1.8769593278706063,1.1723114939872776,-0.024686276910228042,-0.2596117656192683,-0.019545288434848998,-0.00014847697616001218,-0.031869281140113115,-0.08601395263172686,0.03027656241018749,0.0036156997604853323,-0.018633521372499507,1.0,3.1799586380913003,61.0,3.2492,10000.0,5000.0,5000.0,194580.0,194580.0,194580.0,0.0,1.0,1.1752465e7,27.380823833,14868.468566894531
52.831101968358006,53.3493588912465,8.422780228600116,10.453239848345683,-0.025784392803348873,18.60835477062518,9.175644235142096,1.796755444172017,1.153011955099893,0.010389680455596939,-0.29786675765103127,0.030965047554662634,0.007068562777638032,-0.065557430428947,-0.014889250937164507,0.016216134496875374,-0.028293755389272295,-0.029478150794761748,1.0,3.156816103982516,62.0,3.175,10000.0,5000.0,5000.0,194395.0,194395.0,194395.0,0.0,1.0,1.194686e7,27.380823833,14868.468566894531
53.30072208669113,53.770691778050015,8.434787583441548,10.548284063832005,-0.012898843630602985,18.666640730933672,9.333903964622749,1.8094521306569677,1.1455799144557377,-0.005459933518086544,-0.26886870956878856,-0.014233564473964976,0.05299375753520026,-0.045316184265011314,-0.07515382861624013,-0.0035263838609907823,-0.03927024614209632,-0.01992447574192429,1.0,3.1143258438306622,63.0,3.1028,10000.0,5000.0,5000.0,198727.0,198727.0,198727.0,0.0,1.0,1.2145587e7,27.380823833,14868.468566894531
53.45837449472996,54.05939369657196,8.463646649367455,10.385689405773272,0.008711155092430737,18.304123501556493,9.073452961730752,1.7881270194220558,1.1771368276665943,-0.008772785003911923,-0.2912247038494677,-0.001089766665433528,-0.00026075872015621535,-0.10794057347669841,-0.06308067255198689,0.00040308502018740147,-0.0018073574775353048,-0.028082314028555298,1.0,3.14809376524842,64.0,3.1914,10000.0,5000.0,5000.0,197323.0,197323.0,197323.0,0.0,1.0,1.234291e7,27.380823833,14868.468566894531
53.26612407651163,53.92488223789282,8.35139501217103,10.481643340039154,-0.0017299888316869667,18.139694807787745,8.869004261400494,1.874537503201803,1.1808472849071838,0.011242972046684717,-0.2723783267427368,-0.00795462291174434,-0.03264360122590019,-0.10195220749758249,-0.05658840554353066,-0.0058490126041949005,-0.013626190054261224,-0.007954431849559003,1.0,3.149461653643243,65.0,3.1792,10000.0,5000.0,5000.0,197135.0,197135.0,197135.0,0.0,1.0,1.2540045e7,27.380823833,14868.468566894531
53.49127192313629,53.90046401196583,8.538668043530029,10.538361620588617,-0.018146736133006287,17.76565201867096,8.862596004912955,1.8495236371766772,1.1678110638340566,0.022342511045533735,-0.2858528166714942,0.016300229103691548,-0.021844620406999807,-0.06900285758173695,-0.02729979676169025,0.005891950205100385,-0.016203418022436984,-0.0024233282287666066,1.0,3.125223894868319,66.0,3.2176,10000.0,5000.0,5000.0,197920.0,197920.0,197920.0,0.0,1.0,1.2737965e7,27.380823833,14868.468566894531
53.79113417501058,54.05932657499101,8.541224810822328,10.489604491415445,0.0026932038095082125,17.902616870519374,9.096772934016634,1.8129416061208923,1.1845027567463433,-0.00395410479786749,-0.30649254497124906,0.015698049568199063,-0.01901912406424459,-0.08877267117894559,-0.045363556629506536,0.0012481730807440924,-0.044112963276101175,-0.013815116071754969,1.0,3.1717760086994415,67.0,3.226,10000.0,5000.0,5000.0,198190.0,198190.0,198190.0,0.0,1.0,1.2936155e7,27.380823833,14868.468566894531
53.56709757449814,54.14437067173079,8.290169994756864,10.205961419722057,0.005744509327098786,17.563603603279866,9.050479164670065,1.8567663300731223,1.1866101706486873,0.017263259163458847,-0.2957941493105333,-0.023143731400330117,-0.045344413941481795,-0.06114876321170221,-0.03350035707165848,-0.0005812575541245103,-0.024251642008460108,0.033889397040646266,1.0,3.1444053921075312,68.0,3.1906,10000.0,5000.0,5000.0,192865.0,192865.0,192865.0,0.0,1.0,1.312902e7,27.380823833,14868.468566894531
53.79617179375957,54.073778632671875,8.324522387390973,10.233841733674588,0.018309634139501735,17.521921724410472,9.023274333133907,1.8202081309867109,1.149829391006551,0.0009581347440092958,-0.29600866117169805,0.029648125317091538,0.022162929197277442,-0.040826639882554375,-0.028462270641301236,0.02442983260916912,-0.024791968059307876,0.007346968615286868,1.0,3.1484998980548284,69.0,3.1326,10000.0,5000.0,5000.0,194437.0,194437.0,194437.0,0.0,1.0,1.3323457e7,27.380823833,14868.468566894531
53.48701360996533,54.50999205955467,8.395240256288819,10.16970409154615,0.03331243271224832,17.403319884776735,9.05922019596822,1.8289410403845898,1.1633455581444005,0.03194610381867618,-0.2832877557760628,-0.008745906866759377,0.015530261122475086,-0.07333333370554726,-0.058639023987488166,-0.01534953591333782,-0.04533939739559594,-0.030243101286296457,1.0,3.1782806581232506,70.0,3.1626,10000.0,5000.0,5000.0,197090.0,197090.0,197090.0,0.0,1.0,1.3520547e7,27.380823833,14868.468566894531
53.50334436337473,54.21052923272781,8.264538138364923,10.139559827098354,0.036613114731948435,17.10843769991176,8.970821633921672,1.8528066827215846,1.1408672581507209,0.007806788423130387,-0.29185181952758127,-0.010669999365200078,0.05109969437926732,-0.03463192603882923,-0.04278752518527736,-0.01801911752499709,-0.026889979020690583,-0.019831612757777627,1.0,3.138072512605954,71.0,3.1914,10000.0,5000.0,5000.0,194139.0,194139.0,194139.0,0.0,1.0,1.3714686e7,27.380823833,14868.468566894531
53.81093633965375,54.39321537242896,8.291474470014915,10.324802414460434,-0.02175161373952379,16.89755581211854,8.915597651678008,1.8691808073791012,1.1818484658026944,0.005321001877195246,-0.31278805872081566,-0.02045479624209414,-0.01136968987731456,-0.08579840235184456,-0.038655045799511324,-0.01672258096586049,-0.009873978078039514,-0.04537837808408575,1.0,3.092062114823665,72.0,3.1358,10000.0,5000.0,5000.0,193967.0,193967.0,193967.0,0.0,1.0,1.3908653e7,27.380823833,14868.468566894531
53.89101044717486,54.3169429721897,8.35669537167273,10.431129618570974,-0.006536652921232315,16.746485663671045,8.843970480257765,1.843928200894036,1.119168981445189,-0.021357785642548796,-0.22090239098013045,0.02546102618991398,0.0015497494535398175,-0.0643333340834106,-0.020374970694001543,-0.004150839561121937,-0.01182110026292409,-0.015978395680580456,1.0,3.175915928829936,73.0,3.1332,10000.0,5000.0,5000.0,196725.0,196725.0,196725.0,0.0,1.0,1.4105378e7,27.380823833,14868.468566894531
53.70107565595762,54.42313948678384,8.428716003318817,10.722838414277351,-0.008628835034098144,16.667225374821335,8.905459863001365,1.8445676517162088,1.161604031846772,0.029835752958471396,-0.2522290934412497,-0.004370415320951946,-0.01192649783798283,-0.07762968049379448,-0.05963235558385369,0.004163406113908707,-0.0352533793951941,0.002952085470779534,1.0,3.1712017719525187,74.0,3.1218,10000.0,5000.0,5000.0,195386.0,195386.0,195386.0,0.0,1.0,1.4300764e7,27.380823833,14868.468566894531
53.863205636657916,54.57566461045416,8.502812622649095,10.744695068500146,-0.016806971487595215,16.378105691658483,9.040731066445177,1.7950274196116256,1.1408343791063218,0.01730856485986637,-0.2627048376130603,-0.001306206608516255,0.0032309855805288195,-0.07445669529694689,-0.02489733929384748,-0.01704522733285079,-0.03426890834182843,-0.020406502160489365,1.0,3.148105916144502,75.0,3.2126,10000.0,5000.0,5000.0,194128.0,194128.0,194128.0,0.0,1.0,1.4494892e7,27.380823833,14868.468566894531
53.96356921429532,54.51853971064738,8.314236128949455,10.893490682150743,-0.021317560146297803,15.901811710668373,8.991334842539041,1.7319622281134956,1.1551509698897129,-0.0041403764778429235,-0.24998616293014095,-0.005448622380870386,-0.0293157473353742,-0.07328433193998943,-0.03294244017571533,-0.02914392573609716,-0.012715435748090457,0.012756725935768213,1.0,3.1328261819476473,76.0,3.1486,10000.0,5000.0,5000.0,199965.0,199965.0,199965.0,0.0,1.0,1.4694857e7,27.380823833,14868.468566894531
54.14433232956801,54.41006551332488,8.321083572539328,10.780568331216141,-0.02294547288805304,15.781100692333126,9.114258649628649,1.8307177735041906,1.1597438318517814,0.0009652627616720464,-0.28375958594028144,-0.025731263016546994,0.0011148284530911852,-0.03380448912176141,-0.038616908127888525,-0.032729241703903796,-0.01404280929124154,-0.025148404847122247,1.0,3.093780087605133,77.0,3.1378,10000.0,5000.0,5000.0,195941.0,195941.0,195941.0,0.0,1.0,1.4890798e7,27.380823833,14868.468566894531
53.91949682740762,54.075407544771416,8.239818317433025,10.651400788197765,0.009326674981700691,15.98842821251018,9.074274667372682,1.8532030437358347,1.136524919461494,0.020078889255671282,-0.2762386825745717,-0.024398082391575458,0.008943738350525603,-0.05177645305298052,-0.007379458697747637,-0.005380301690420514,-0.022520741680831794,-0.017126640244391523,1.0,3.117083539169212,78.0,3.0714,10000.0,5000.0,5000.0,195549.0,195549.0,195549.0,0.0,1.0,1.5086347e7,27.380823833,14868.468566894531
54.14220265263462,54.33108702181722,8.151361743690252,10.613487423119224,0.0075129818073153875,15.708940007487532,8.936999325307793,1.7352720411559215,1.167448681472105,-0.0022529578935322225,-0.30233002470110737,0.024219678904735014,0.023437890305727883,-0.008368803830421951,-0.057048704925641895,0.003699211943995403,-0.01604853883649817,0.01817308853992058,1.0,3.114404865355813,79.0,3.0806,10000.0,5000.0,5000.0,195006.0,195006.0,195006.0,0.0,1.0,1.5281353e7,27.380823833,14868.468566894531
53.9157764902873,54.26167516490193,8.121532807673203,10.82934272256708,0.012050285011381766,16.028428999998447,8.877360443375718,1.7830545549909909,1.1951648608977061,0.01045375466867489,-0.2505766307972095,-0.004355643976230189,-0.049887103601178505,-0.083309864609195,-0.08967897170960272,-0.012161492670676267,-0.007778707375758615,-0.0058666968386791455,1.0,3.1268029649565827,80.0,3.1324,10000.0,5000.0,5000.0,192246.0,192246.0,192246.0,0.0,1.0,1.5473599e7,27.380823833,14868.468566894531
54.04785668010763,54.47071002765626,8.19465203388211,10.428669731534459,-0.0072002011890472594,15.497621713398743,8.794331571911956,1.8146600898777099,1.1478092963760564,-0.016571485236086095,-0.26825611505843966,0.009362098785190133,0.013130829564013185,-0.0457827138353251,-0.040012163649948224,0.026464194117665193,-0.024948055978115984,0.004415167247322931,1.0,3.114967476695373,81.0,3.1218,10000.0,5000.0,5000.0,196732.0,196732.0,196732.0,0.0,1.0,1.5670331e7,27.380823833,14868.468566894531
54.107012427731824,54.13454724274753,8.124939761039391,10.416272076301368,-0.03256861877986818,15.385834596401377,9.025251989351872,1.8332111908376885,1.1347171905366,-0.0218023906063909,-0.2541489388299834,-0.04000514970867303,0.03337449018866025,-0.0692305009024772,-0.04996944409732841,-0.017924870127731765,-0.0020015825494459146,-0.003922234710972139,1.0,3.157563313019462,82.0,3.1698,10000.0,5000.0,5000.0,195049.0,195049.0,195049.0,0.0,1.0,1.586538e7,27.380823833,14868.468566894531
53.80933730265551,54.12094899369923,8.179177811358386,10.41692577542039,0.009941053683477351,15.24052069719439,8.837608296522209,1.8706207214381625,1.1396109824421363,-0.0020611019140786987,-0.2680439992652511,0.004800129252718722,0.011691211558988713,-0.0479730168219248,-0.02242868578761862,0.01918111125221556,-0.033761837468744095,-0.01580844605081042,1.0,3.1504796608044545,83.0,3.1388,10000.0,5000.0,5000.0,190275.0,190275.0,190275.0,0.0,1.0,1.6055655e7,27.380823833,14868.468566894531
53.74502542275554,53.91066665816957,8.242313896680185,10.409200033956806,0.01594222572739622,15.169724493964607,9.010275540419222,1.852154171755745,1.1831414120944308,-0.020673096589817076,-0.27372672050125446,0.015150865262700016,-0.04451137262092011,-0.05116356483688045,-0.047889764169759284,-0.024648375014286086,-0.017512894430166022,0.0039208937538796965,1.0,3.188730706059151,84.0,3.191,10000.0,5000.0,5000.0,196269.0,196269.0,196269.0,0.0,1.0,1.6251924e7,27.380823833,14868.468566894531
53.72888099165817,53.85883596828311,8.019916021540388,10.25311829654469,-0.01529711494622587,14.851383566850272,8.947106747282493,1.8021471776604536,1.1388054779188466,-0.012080328994759592,-0.260747786481784,0.0032620467168751133,0.02291756053905781,-0.02199946832359041,-0.03884832382063687,0.010675978832130839,0.011168221399571772,-0.019620424417125946,1.0,3.178020032351357,85.0,3.1488,10000.0,5000.0,5000.0,194582.0,194582.0,194582.0,0.0,1.0,1.6446506e7,27.380823833,14868.468566894531
53.65082309413892,54.08322179323587,8.16771150975344,10.322363780542027,-0.020740684011266313,14.784603219357846,8.865550129439912,1.8211784355537994,1.1378749731247377,-0.0075301530235607666,-0.26409636580042567,-0.0013923011173840336,0.03642700830931176,-0.0519201184886173,-0.047743714560008074,-0.003736970558433754,-0.019560663691336477,-0.0014603591649072487,1.0,3.1561299386819757,86.0,3.1734,10000.0,5000.0,5000.0,198421.0,198421.0,198421.0,0.0,1.0,1.6644927e7,27.380823833,14868.468566894531
53.745101783435885,54.22404413885597,8.191711929103178,10.236523202764126,0.00363390389448461,14.722384445472649,8.875780952348977,1.880844900051424,1.152565256396865,0.01747939196995603,-0.3159194598412059,0.03206191350032675,0.021112402055068872,-0.021229277654519336,-0.010518023355819698,-0.008764538124004103,-0.02397208301537732,0.00042086430484390485,1.0,3.122196455855012,87.0,3.1292,10000.0,5000.0,5000.0,197359.0,197359.0,197359.0,0.0,1.0,1.6842286e7,27.380823833,14868.468566894531
53.754442155333855,54.49924433459323,7.948260878923038,10.153932002186462,0.018611513372602955,14.554737025588134,9.022558375023015,1.8224685207542983,1.1434116489288983,0.026046178380881385,-0.2672108653486593,-0.0015787274261279017,-0.006026206509547619,-0.030362399606268575,-0.014664117900275444,-0.0012229609688911413,-0.02841908306892791,-0.031312201943454514,1.0,3.114396778130644,88.0,3.1646,10000.0,5000.0,5000.0,196134.0,196134.0,196134.0,0.0,1.0,1.703842e7,27.380823833,14868.468566894531
53.95842673164366,54.528528602279074,8.170255781803297,9.930298101649269,-0.0003251735811835902,14.42376905683502,8.939268720191315,1.8289144323172335,1.1365578175380753,0.018588092723467526,-0.28806973858077595,-0.002762536063620834,0.045103630693660766,-0.04004611933874713,-0.03147167065350592,0.011998642093358597,-0.017098171194358767,0.001331387679409351,1.0,3.096165670203088,89.0,3.1018,10000.0,5000.0,5000.0,195474.0,195474.0,195474.0,0.0,1.0,1.7233894e7,27.380823833,14868.468566894531
54.04663778225095,54.775207800978386,8.142143592199709,10.181802702242669,-0.010464985871745316,14.395284376246659,9.02851990204744,1.7250588298398826,1.1712138513297512,0.025440925547603715,-0.28224032023748535,-0.016942777345218395,0.005671343933786251,-0.03657024095417492,-0.06362983455868268,0.0041883392331844085,0.005424049347250478,0.02654218014684608,1.0,3.0754557232716593,90.0,3.1058,10000.0,5000.0,5000.0,200414.0,200414.0,200414.0,0.0,1.0,1.7434308e7,27.380823833,14868.468566894531
54.168257449027244,54.74477549503576,8.142774151550904,10.27699623147962,0.025640884205382585,14.633796332966947,8.853134829513767,1.8491051707011539,1.141830254935876,-0.0021035077995585566,-0.24921811215008824,0.011513655308793181,-0.02018298164525424,-0.023265544208626806,-0.014571728600050756,0.010843583323524223,-0.009312809571105335,0.01871168083492962,1.0,3.124222113163803,91.0,3.1296,10000.0,5000.0,5000.0,195750.0,195750.0,195750.0,0.0,1.0,1.7630058e7,27.380823833,14868.468566894531
54.27156013727945,54.84470879935317,8.307420353358072,10.332324397387923,0.011712968979050022,14.367517224617501,8.953255489082576,1.8551121577016625,1.1415402203198097,0.005752363476526264,-0.2615155513780754,0.004289114549923946,-0.026555667013869386,-0.03894645090468574,0.005119427290295329,-0.008276385258720381,0.006396316195072715,0.0028581683229890248,1.0,3.1381392541007735,92.0,3.1686,10000.0,5000.0,5000.0,196245.0,196245.0,196245.0,0.0,1.0,1.7826303e7,27.380823833,14868.468566894531
54.39079952667841,54.750779053359736,8.107462350312344,10.179920187710577,0.008341979211332715,14.578589616126497,8.927415089854886,1.7938528917808076,1.1870603467455916,-0.015448763792792893,-0.2645886601937129,-0.025286036621104607,-0.0368738384410693,-0.07678580422019037,-0.07122694636413625,0.008619682842373725,-0.011575385820794535,0.041607257188734405,1.0,3.0998120450319178,93.0,3.1088,10000.0,5000.0,5000.0,200776.0,200776.0,200776.0,0.0,1.0,1.8027079e7,27.380823833,14868.468566894531
54.2318285827723,54.654184112079136,7.981246195977866,10.096537860622558,-0.01626579639821851,14.394356886310023,8.909525035691187,1.8472535400067964,1.1581642967650367,0.02315509277330126,-0.25659784344277864,0.007776287269255152,0.016893064944804203,-0.016791568280585974,-0.07765851980557162,0.020134516068252256,-0.013042795562215473,-0.041926662714662936,1.0,3.1418413979965902,94.0,3.0942,10000.0,5000.0,5000.0,193335.0,193335.0,193335.0,0.0,1.0,1.8220414e7,27.380823833,14868.468566894531
54.31914221942164,54.76629220916415,8.006899528102212,10.104119165234982,0.004673544300174638,14.312456044782842,8.662517843617076,1.860794058513022,1.1166612133166791,-0.004846345985128603,-0.22108994022734643,0.017966190416472294,0.04003843093350889,-0.047978205555899454,-0.05268491086271765,0.01618595066177135,0.004337546473670448,0.011003754080535843,1.0,3.163788537913579,95.0,3.188,10000.0,5000.0,5000.0,193781.0,193781.0,193781.0,0.0,1.0,1.8414195e7,27.380823833,14868.468566894531
54.31189271545329,54.720359244514164,7.992904480534602,10.116878438183214,0.002446458629196072,14.002782534844336,8.581054191770734,1.7999835708528305,1.1103217703234065,0.026041723428063882,-0.24973084348254304,0.012343548597366761,0.061024878440258286,-0.044751194380328416,-0.03208293000250266,-0.016441413198231964,-0.02683860142446483,0.006933948875384983,1.0,3.0993275738110317,96.0,3.1016,10000.0,5000.0,5000.0,195512.0,195512.0,195512.0,0.0,1.0,1.8609707e7,27.380823833,14868.468566894531
54.441607587905345,55.028593971970075,8.077975759311093,10.11818819773954,0.023952168638302847,13.950907554453465,8.487079406198875,1.8151122695445587,1.19160744582708,0.01978231906562993,-0.2973569796661142,0.012157311675428868,-0.014562112588210774,-0.03250448842910324,-0.07146625147100848,-0.008478195850565234,-0.021269177402341577,-0.0032842359112886183,1.0,3.070699210666055,97.0,3.1244,10000.0,5000.0,5000.0,193269.0,193269.0,193269.0,0.0,1.0,1.8802976e7,27.380823833,14868.468566894531
54.4006209280837,55.03038799064177,7.857654729283212,10.098211167386548,0.009082544708309884,14.174829380557744,8.437771898194544,1.7934219932743274,1.1859248171869068,0.023571282156399923,-0.2702811388863828,-0.010367485526394233,-0.031834317159092296,-0.04436973275256303,-0.06960737121500558,-0.011137114806128183,0.009355114531187746,-0.00390775163532486,1.0,3.0960526995387774,98.0,3.0926,10000.0,5000.0,5000.0,197106.0,197106.0,197106.0,0.0,1.0,1.9000082e7,27.380823833,14868.468566894531
54.658010136417325,55.16802641911412,7.867685487094516,10.093702643738045,0.0170763667738235,14.144096198960376,8.499451369147454,1.8312116446375672,1.1708691484085587,0.01213079721069181,-0.2876868539721746,0.007822225678469612,0.021194306362482818,-0.03573322874600635,-0.07507910905135554,0.009425692697291542,-0.005253889555462143,-0.018776422001129035,1.0,3.0653108004199767,99.0,3.167,10000.0,5000.0,5000.0,197376.0,197376.0,197376.0,0.0,1.0,1.9197458e7,27.380823833,14868.468566894531
54.68247159292684,54.97885267173892,7.93803498843024,10.042673572253888,-0.019941483242666782,13.856997630429472,8.617052244429248,1.7808709570443788,1.1767704432185129,0.000680590631510761,-0.2753356604924493,-0.04170612153539294,-0.017541487446722407,-0.04194434890157854,-0.06016713288436872,0.014148666608959725,0.003601588076644286,0.004255966367018815,1.0,3.1125478315289685,100.0,3.1536,10000.0,5000.0,5000.0,197480.0,197480.0,197480.0,0.0,1.0,1.9394938e7,27.380823833,14868.468566894531
